Statistic, Task, 0 min, 10 min, 20 min, 30 min, 40 min, 50 min, 60 min, 70 min, 80 min, 90 min, 100 min, 110 min, 120 min, 130 min, 140 min, 150 min, 160 min, 170 min, 180 min, 190 min, 200 min, 210 min, 220 min, 230 min, 240 min, 250 min, 260 min, 270 min, 280 min, 290 min, 300 min, 310 min, 320 min, 330 min, 340 min, 350 min, 360 min, 370 min, 380 min, 390 min, 400 min, 410 min, 420 min, 430 min, 440 min, 450 min, 460 min, 470 min,
Utilization, 0, 0, 0, 0, 0, 0, 0, 0, 0, 0, 0, 0, 0, 0, 0, 0, 0, 0, 0, 0, 0, 0, 0, 0, 0, 0, 0, 0, 0, 0, 0, 0, 0, 0, 0, 0, 0, 0, 0, 0, 0, 0, 0, 0, 0, 0, 0, 0, 0
, , 0, 0, 0, 0, 0, 0, 0, 0, 0, 0, 0, 0, 0, 0, 0, 0, 0, 0, 0, 0, 0, 0, 0, 0, 0, 0, 0, 0, 0, 0, 0, 0, 0, 0, 0, 0, 0, 0, 0, 0, 0, 0, 0, 0, 0, 0, 0, 0
, 1, 0, 0, 0, 0, 0, 0, 0, 0, 0, 0, 0, 0, 0, 0, 0, 0, 0, 0, 0, 0, 0, 0, 0, 0, 0, 0, 0, 0, 0, 0, 0, 0, 0, 0, 0, 0, 0, 0, 0, 0, 0, 0, 0, 0, 0, 0, 0, 0
, , 0, 0, 0, 0, 0, 0, 0, 0, 0, 0, 0, 0, 0, 0, 0, 0, 0, 0, 0, 0, 0, 0, 0, 0, 0, 0, 0, 0, 0, 0, 0, 0, 0, 0, 0, 0, 0, 0, 0, 0, 0, 0, 0, 0, 0, 0, 0, 0
, 2, 0, 0, 0, 0, 0, 0, 0, 0, 0, 0, 0, 0, 0, 0, 0, 0, 0, 0, 0, 0, 0, 0, 0, 0, 0, 0, 0, 0, 0, 0, 0, 0, 0, 0, 0, 0, 0, 0, 0, 0, 0, 0, 0, 0, 0, 0, 0, 0
, , 0, 0, 0, 0, 0, 0, 0, 0, 0, 0, 0, 0, 0, 0, 0, 0, 0, 0, 0, 0, 0, 0, 0, 0, 0, 0, 0, 0, 0, 0, 0, 0, 0, 0, 0, 0, 0, 0, 0, 0, 0, 0, 0, 0, 0, 0, 0, 0
, 3, 0, 0, 0, 0, 0, 0, 0, 0, 0, 0, 0, 0, 0, 0, 0, 0, 0, 0, 0, 0, 0, 0, 0, 0, 0, 0, 0, 0, 0, 0, 0, 0, 0, 0, 0, 0, 0, 0, 0, 0, 0, 0, 0, 0, 0, 0, 0, 0
, , 0, 0, 0, 0, 0, 0, 0, 0, 0, 0, 0, 0, 0, 0, 0, 0, 0, 0, 0, 0, 0, 0, 0, 0, 0, 0, 0, 0, 0, 0, 0, 0, 0, 0, 0, 0, 0, 0, 0, 0, 0, 0, 0, 0, 0, 0, 0, 0
, 4, 0, 0, 0, 0, 0, 0, 0, 0, 0, 0, 0, 0, 0, 0, 0, 0, 0, 0, 0, 0, 0, 0, 0, 0, 0, 0, 0, 0, 0, 0, 0, 0, 0, 0, 0, 0, 0, 0, 0, 0, 0, 0, 0, 0, 0, 0, 0, 0
, , 0, 0, 0, 0, 0, 0, 0, 0, 0, 0, 0, 0, 0, 0, 0, 0, 0, 0, 0, 0, 0, 0, 0, 0, 0, 0, 0, 0, 0, 0, 0, 0, 0, 0, 0, 0, 0, 0, 0, 0, 0, 0, 0, 0, 0, 0, 0, 0
, 5, 0, 0, 0, 0, 0, 0, 0, 0, 0, 0, 0, 0, 0, 0, 0, 0, 0, 0, 0, 0, 0, 0, 0, 0, 0, 0, 0, 0, 0, 0, 0, 0, 0, 0, 0, 0, 0, 0, 0, 0, 0, 0, 0, 0, 0, 0, 0, 0
, , 0, 0, 0, 0, 0, 0, 0, 0, 0, 0, 0, 0, 0, 0, 0, 0, 0, 0, 0, 0, 0, 0, 0, 0, 0, 0, 0, 0, 0, 0, 0, 0, 0, 0, 0, 0, 0, 0, 0, 0, 0, 0, 0, 0, 0, 0, 0, 0
, 6, 0, 0, 0, 0, 0, 0, 0, 0, 0, 0, 0, 0, 0, 0, 0, 0, 0, 0, 0, 0, 0, 0, 0, 0, 0, 0, 0, 0, 0, 0, 0, 0, 0, 0, 0, 0, 0, 0, 0, 0, 0, 0, 0, 0, 0, 0, 0, 0
, , 0, 0, 0, 0, 0, 0, 0, 0, 0, 0, 0, 0, 0, 0, 0, 0, 0, 0, 0, 0, 0, 0, 0, 0, 0, 0, 0, 0, 0, 0, 0, 0, 0, 0, 0, 0, 0, 0, 0, 0, 0, 0, 0, 0, 0, 0, 0, 0
, 7, 0, 0, 0, 0, 0, 0, 0, 0, 0, 0, 0, 0, 0, 0, 0, 0, 0, 0, 0, 0, 0, 0, 0, 0, 0, 0, 0, 0, 0, 0, 0, 0, 0, 0, 0, 0, 0, 0, 0, 0, 0, 0, 0, 0, 0, 0, 0, 0
, , 0, 0, 0, 0, 0, 0, 0, 0, 0, 0, 0, 0, 0, 0, 0, 0, 0, 0, 0, 0, 0, 0, 0, 0, 0, 0, 0, 0, 0, 0, 0, 0, 0, 0, 0, 0, 0, 0, 0, 0, 0, 0, 0, 0, 0, 0, 0, 0
, 8, 0, 0, 0, 0, 0, 0, 0, 0, 0, 0, 0, 0, 0, 0, 0, 0, 0, 0, 0, 0, 0, 0, 0, 0, 0, 0, 0, 0, 0, 0, 0, 0, 0, 0, 0, 0, 0, 0, 0, 0, 0, 0, 0, 0, 0, 0, 0, 0
, , 0, 0, 0, 0, 0, 0, 0, 0, 0, 0, 0, 0, 0, 0, 0, 0, 0, 0, 0, 0, 0, 0, 0, 0, 0, 0, 0, 0, 0, 0, 0, 0, 0, 0, 0, 0, 0, 0, 0, 0, 0, 0, 0, 0, 0, 0, 0, 0
,Sum, 0, 0, 0, 0, 0, 0, 0, 0, 0, 0, 0, 0, 0, 0, 0, 0, 0, 0, 0, 0, 0, 0, 0, 0, 0, 0, 0, 0, 0, 0, 0, 0, 0, 0, 0, 0, 0, 0, 0, 0, 0, 0, 0, 0, 0, 0, 0, 0
, , 0, 0, 0, 0, 0, 0, 0, 0, 0, 0, 0, 0, 0, 0, 0, 0, 0, 0, 0, 0, 0, 0, 0, 0, 0, 0, 0, 0, 0, 0, 0, 0, 0, 0, 0, 0, 0, 0, 0, 0, 0, 0, 0, 0, 0, 0, 0, 0
Service Time, 0, 0.448662, 0.45429, 0.403247, 0.25914, 0.249141, 0.294307, 0.268186, 0.255707, 0.252972, 0.26214, 0.279001, 0.260417, 0.26831, 0.277445, 0.287795, 0.267346, 0.249419, 0.217318, 0.190439, 0.225481, 0.242094, 0.285309, 0.247874, 0.32026, 0.309609, 0.241028, 0.241041, 0.239466, 0.221054, 0.239337, 0.265028, 0.182158, 0.248427, 0.248383, 0.27976, 0.267178, 0.287225, 0.277414, 0.19642, 0.262838, 0.253089, 0.268196, 0.261496, 0.255257, 0.279275, 0.43242, 0.458919, 0.511652
, , 0.378998, 0.323379, 0.334087, 0.264126, 0.273108, 0.326189, 0.297052, 0.316638, 0.253342, 0.22558, 0.288938, 0.259658, 0.268581, 0.261176, 0.245546, 0.284183, 0.237502, 0.239012, 0.266257, 0.229875, 0.243991, 0.2882, 0.271279, 0.30082, 0.294541, 0.25387, 0.293142, 0.223979, 0.255383, 0.266256, 0.271845, 0.176807, 0.251592, 0.234447, 0.267716, 0.338782, 0.287467, 0.309423, 0.225719, 0.256287, 0.262549, 0.251776, 0.239132, 0.296799, 0.279503, 0.340671, 0.38446, 0.369407
, 1, 0, 0, 0, 0.172975, 0.441839, 0.317448, 0.297159, 0.208722, 0.191464, 0.183711, 0, 0.0496184, 0.21657, 0.361732, 0.454506, 0.341672, 0.307166, 0.251407, 0.214288, 0.257928, 0.216167, 0.0570137, 0.179803, 0.0830408, 0.0155258, 0.110385, 0.052048, 0.316307, 0.180566, 0.213606, 0.0887039, 0.235785, 0.262112, 0.220575, 0.263156, 0.20793, 0.321888, 0.298847, 0.111361, 0.0226016, 0.234769, 0.331801, 0.12655, 0.209394, 0.176003, 0.236213, 0.218799, 0.0519888
, , 0, 0, 0, 0.739208, 1.75646, 1.69123, 1.41235, 1.28464, 1.13231, 1.14422, 0, 0.390645, 1.14478, 1.73319, 1.93453, 1.6848, 1.71423, 1.3148, 1.14351, 1.25939, 1.17209, 0.315079, 1.07169, 0.53034, 0.155258, 0.592767, 0.391684, 1.53466, 0.839858, 1.09252, 0.609454, 1.41674, 1.16563, 1.41195, 1.28833, 1.15461, 1.40145, 1.46817, 0.826998, 0.159472, 1.13589, 1.44194, 0.507183, 1.00175, 1.01583, 1.05844, 1.20107, 0.325079
, 2, 3.00548, 3.07877, 3.00886, 0.627914, 0.335206, 0.231168, 0.289367, 0.393318, 0.328986, 0.251518, 0.305328, 0.279639, 0.437987, 0.351812, 0.309259, 0.301484, 0.303153, 0.243077, 0.34355, 0.344207, 0.334659, 0.386441, 0.372965, 0.342654, 0.54105, 0.465768, 0.26898, 0.203241, 0.446786, 0.243546, 0.261425, 0.309685, 0.330009, 0.398112, 0.347809, 0.439279, 0.379039, 0.407833, 0.30464, 0.39292, 0.355742, 0.461492, 0.401655, 0.405366, 0.523391, 2.98334, 3.45371, 3.10151
, , 1.8153, 1.76239, 1.92372, 0.82678, 0.599284, 0.511747, 0.542836, 0.712343, 0.711312, 0.494805, 0.672597, 0.558335, 0.743372, 0.659134, 0.553297, 0.579336, 0.636529, 0.56161, 0.716018, 0.696834, 0.706978, 0.618633, 0.687799, 0.754351, 0.862054, 0.712274, 0.529716, 0.522106, 0.776262, 0.526038, 0.56401, 0.643128, 0.63666, 0.731532, 0.680108, 0.747082, 0.646882, 0.730002, 0.63562, 0.71633, 0.713027, 0.786312, 0.701468, 0.646573, 0.950202, 1.93993, 1.88258, 1.66783
, 3, 0, 0, 0, 0.0238705, 0.0101634, 0.0105767, 0.00104069, 0.00871994, 0.00172928, 0.00245628, 0.00536095, 0.0127002, 0, 0.0113269, 0.00943955, 0.00293655, 0.0147752, 0.0138164, 0.00703705, 0, 0, 0.00962738, 0.0286835, 0.0100562, 0.0264526, 0.014539, 0.0185535, 0, 0.0144547, 0.0158673, 0.0146576, 0.011564, 0.00989258, 0.0130814, 0, 0.00192657, 0.00285339, 0, 0.00770294, 0.0104895, 0.00962647, 0.0157767, 0.00761139, 0.0269714, 0.00685455, 0.0251044, 0.0672934, 0.0354639
, , 0, 0, 0, 0.138138, 0.0717361, 0.0771466, 0.0104069, 0.0617215, 0.0172928, 0.0245628, 0.0536095, 0.0894613, 0, 0.0796886, 0.0943954, 0.0214712, 0.105792, 0.0822179, 0.0703705, 0, 0, 0.0690215, 0.182911, 0.0536903, 0.127779, 0.102431, 0.130929, 0, 0.105412, 0.0817656, 0.08685, 0.0910471, 0.0704738, 0.0861071, 0, 0.0192657, 0.0285339, 0, 0.0770294, 0.0738917, 0.0776473, 0.0981501, 0.0536202, 0.158094, 0.0519456, 0.105127, 0.193531, 0.141829
, 4, 0, 0, 0, 0.112352, 0.123423, 0.0805394, 0.0977775, 0.0978918, 0.121971, 0.122413, 0.113429, 0.118086, 0.108863, 0.12053, 0.116302, 0.114099, 0.0861075, 0.0968843, 0.0955545, 0.121455, 0.109769, 0.0612815, 0.0886958, 0.0733824, 0.0872652, 0.094284, 0.108874, 0.110197, 0.120897, 0.122306, 0.119065, 0.104044, 0.119619, 0.11503, 0.0932086, 0.100476, 0.107342, 0.0690363, 0.0941757, 0.0854834, 0.0810083, 0.0828995, 0.0845767, 0.102031, 0.0696017, 0, 0, 0
, , 0, 0, 0, 0.206555, 0.205228, 0.162326, 0.179623, 0.184047, 0.200634, 0.196737, 0.197748, 0.212564, 0.18907, 0.200525, 0.178255, 0.201832, 0.181331, 0.191084, 0.168878, 0.230886, 0.180128, 0.143076, 0.225006, 0.134129, 0.15531, 0.172603, 0.172902, 0.181873, 0.214978, 0.210828, 0.210787, 0.193666, 0.211098, 0.210979, 0.1891, 0.201142, 0.189674, 0.153694, 0.191548, 0.146759, 0.173182, 0.162489, 0.161715, 0.182052, 0.161462, 0, 0, 0
, 5, 0.0798392, 0.104005, 0.107326, 0.286267, 0.273543, 0.310416, 0.292454, 0.271852, 0.260634, 0.312658, 0.310651, 0.35132, 0.296991, 0.344587, 0.34196, 0.306608, 0.339558, 0.274203, 0.295741, 0.34361, 0.286779, 0.349271, 0.28252, 0.345913, 0.264019, 0.371467, 0.337266, 0.297605, 0.314287, 0.28755, 0.385689, 0.274773, 0.33899, 0.351225, 0.325349, 0.399041, 0.30584, 0.332997, 0.326601, 0.311877, 0.281327, 0.28131, 0.390849, 0.304857, 0.365344, 0.175664, 0.180833, 0.234072
, , 0.175674, 0.168573, 0.225477, 0.331641, 0.296339, 0.304848, 0.277298, 0.287493, 0.277367, 0.361466, 0.38638, 0.390808, 0.276579, 0.333428, 0.323552, 0.336833, 0.341436, 0.266431, 0.342088, 0.363256, 0.293801, 0.361943, 0.310011, 0.378269, 0.294617, 0.329699, 0.327435, 0.315822, 0.327836, 0.29378, 0.376569, 0.31857, 0.342768, 0.334843, 0.389018, 0.362055, 0.329552, 0.307635, 0.355357, 0.388207, 0.321623, 0.30918, 0.366547, 0.370467, 0.34443, 0.245599, 0.250542, 0.30819
, 6, 0.0878917, 0.0758751, 0.114466, 0.128303, 0.126687, 0.151175, 0.144637, 0.142567, 0.132095, 0.106143, 0.125623, 0.165117, 0.13707, 0.120337, 0.139194, 0.113385, 0.118494, 0.146223, 0.162485, 0.126754, 0.131812, 0.152792, 0.141078, 0.157577, 0.11358, 0.109485, 0.108883, 0.146882, 0.0987506, 0.126853, 0.128349, 0.134402, 0.144512, 0.145629, 0.145614, 0.103774, 0.158832, 0.11269, 0.160016, 0.14471, 0.149371, 0.124122, 0.150062, 0.142148, 0.107906, 0.00174347, 0, 0
, , 0.156054, 0.109582, 0.190531, 0.19625, 0.176597, 0.181428, 0.180659, 0.204708, 0.184536, 0.184598, 0.191055, 0.242095, 0.181841, 0.163511, 0.20298, 0.150281, 0.18785, 0.204853, 0.193962, 0.189366, 0.188482, 0.210583, 0.168947, 0.196783, 0.153816, 0.15648, 0.152369, 0.199699, 0.134352, 0.189477, 0.180155, 0.193479, 0.207707, 0.205124, 0.184333, 0.148079, 0.195874, 0.158361, 0.208176, 0.199354, 0.185396, 0.167082, 0.193347, 0.219931, 0.167932, 0.0174347, 0, 0
, 7, 0.061913, 0.0865133, 0.075481, 0.181342, 0.211129, 0.205075, 0.180496, 0.181006, 0.185443, 0.182847, 0.201196, 0.184535, 0.186721, 0.188362, 0.183036, 0.202991, 0.16998, 0.188438, 0.170129, 0.182098, 0.200777, 0.224702, 0.239903, 0.16489, 0.248681, 0.181926, 0.188004, 0.159394, 0.20221, 0.192636, 0.213051, 0.201218, 0.16888, 0.18123, 0.207635, 0.1711, 0.258267, 0.182065, 0.201981, 0.187636, 0.188039, 0.202225, 0.193511, 0.223344, 0.176626, 0.0903009, 0.112819, 0.0784387
, , 0.092521, 0.135028, 0.11143, 0.174774, 0.18885, 0.216192, 0.210431, 0.185652, 0.195814, 0.209069, 0.1892, 0.208643, 0.194787, 0.193396, 0.19658, 0.208944, 0.20708, 0.192644, 0.184365, 0.196625, 0.212398, 0.224396, 0.240967, 0.165619, 0.235522, 0.241115, 0.212883, 0.161254, 0.198083, 0.223659, 0.23175, 0.202733, 0.197232, 0.175943, 0.222238, 0.18575, 0.265093, 0.156977, 0.241714, 0.18412, 0.18807, 0.270454, 0.199517, 0.215113, 0.219435, 0.134164, 0.159949, 0.108629
, 8, 0.0972531, 0.0879527, 0.107293, 0.165945, 0.18145, 0.189343, 0.249536, 0.240663, 0.233651, 0.229143, 0.241784, 0.281159, 0.219683, 0.218755, 0.241846, 0.242112, 0.215342, 0.248373, 0.214981, 0.229313, 0.183277, 0.290961, 0.210801, 0.265401, 0.175438, 0.249656, 0.266859, 0.210828, 0.19463, 0.217913, 0.228822, 0.213904, 0.166506, 0.224911, 0.225043, 0.241873, 0.18368, 0.256843, 0.261424, 0.185808, 0.239449, 0.240858, 0.265539, 0.23944, 0.300702, 0.10374, 0.101521, 0.0697909
, , 0.305569, 0.222039, 0.254404, 0.30019, 0.359199, 0.307399, 0.466305, 0.394681, 0.42947, 0.378406, 0.374003, 0.505541, 0.361403, 0.365648, 0.39073, 0.416832, 0.33927, 0.419864, 0.3599, 0.367992, 0.335162, 0.47426, 0.366012, 0.500206, 0.29348, 0.436549, 0.455951, 0.368457, 0.322139, 0.380849, 0.360401, 0.345537, 0.242971, 0.333109, 0.352237, 0.444752, 0.341749, 0.412505, 0.450955, 0.341778, 0.436739, 0.412604, 0.410763, 0.384458, 0.468114, 0.226997, 0.230239, 0.17761
,Sum, 3.78104, 3.88741, 3.81667, 1.95811, 1.95258, 1.79005, 1.82065, 1.80045, 1.70895, 1.65303, 1.58237, 1.70259, 1.8722, 1.99489, 2.08334, 1.89264, 1.804, 1.67974, 1.6942, 1.83085, 1.70533, 1.8174, 1.79232, 1.76317, 1.78162, 1.83854, 1.59051, 1.68392, 1.79364, 1.65961, 1.70479, 1.66753, 1.78895, 1.89818, 1.88758, 1.93258, 2.00497, 1.93773, 1.66432, 1.60436, 1.79242, 2.00868, 1.88185, 1.90881, 2.0057, 4.04853, 4.59389, 4.08292
, , 1.93205, 1.80879, 1.89664, 1.23951, 1.73199, 1.78639, 1.5469, 1.52918, 1.55116, 1.41725, 0.986971, 0.988506, 1.42721, 1.75602, 2.04936, 1.713, 1.78477, 1.55185, 1.48887, 1.50229, 1.39838, 1.04962, 1.43025, 1.13442, 1.12676, 1.17667, 0.892311, 1.69442, 1.34808, 1.33648, 1.10854, 1.51312, 1.43937, 1.63132, 1.50656, 1.4253, 1.54095, 1.64236, 1.16696, 0.934288, 1.58684, 1.55809, 1.29261, 1.29756, 1.51349, 2.12435, 2.11496, 1.7312
Wait Time, 0, 0.00953752, 0.0099354, 0.00869877, 0.0203493, 0.426059, 0.0188488, 0.308627, 0.112476, 0.033238, 3.77807, 0.0353393, 0.0497674, 0.033486, 0.146129, 0.387889, 0.151723, 0.0148154, 4.08962, 0.0607735, 0.0479356, 5.1932, 0.0492064, 0.0390543, 0.0560686, 0.0323329, 0.0620535, 0.0664859, 0.0235278, 0.515093, 0.0845944, 0.153829, 0.0148859, 0.371172, 0.1646, 1.21358, 0.0852509, 0.298126, 0.748653, 0.172011, 0.0361688, 0.067236, 0.0895386, 0.252014, 0.109712, 0.240139, 0.0224908, 0.0655051, 0.90093
, , 0.0358941, 0.0380016, 0.0342508, 0.0666787, 2.61872, 0.0602325, 1.91511, 0.394364, 0.100921, 33.2114, 0.134227, 0.323542, 0.105313, 1.21025, 3.31077, 0.997577, 0.0679524, 36.7752, 0.334474, 0.14145, 50.794, 0.16244, 0.252091, 0.180818, 0.105949, 0.209661, 0.196776, 0.0908323, 2.5069, 0.400339, 1.12571, 0.0688535, 3.39512, 1.14117, 11.5844, 0.506916, 2.37625, 6.07995, 1.17342, 0.0925274, 0.239916, 0.381888, 2.22094, 0.58095, 1.15486, 0.0779873, 0.551499, 8.94829
, 1, 0, 0, 0, 0, 0.00109024, 0, 0.00400925, 0, 0.0043956, 0, 0, 0.00138397, 0.00273811, 0.00463944, 0.00127701, 0, 0, 0.00351562, 0, 0.00891556, 0.00680344, 0, 0.00221344, 0, 0, 0, 0, 0.00893372, 0.00487488, 0, 0.00314789, 0.00155914, 0, 0, 0.0060852, 0, 0.00528229, 0, 0, 0, 0.00142487, 0, 0, 0.00435699, 0, 0, 0, 0
, , 0, 0, 0, 0, 0.0109024, 0, 0.0400925, 0, 0.043956, 0, 0, 0.0138397, 0.0273811, 0.0463943, 0.0127701, 0, 0, 0.0351562, 0, 0.0631461, 0.0571368, 0, 0.0221344, 0, 0, 0, 0, 0.0531092, 0.0487488, 0, 0.0314789, 0.0155914, 0, 0, 0.0441695, 0, 0.0528229, 0, 0, 0, 0.0142487, 0, 0, 0.0435699, 0, 0, 0, 0
, 2, 0.943397, 0.839368, 0.886167, 0.080904, 0.0740431, 0.0119665, 0.113722, 0.127723, 0.0385002, 0.802577, 0.0494238, 0.0198534, 0.0506188, 0.036013, 0.0266995, 0.0239967, 0.00909179, 0.897817, 0.0599719, 0.0700363, 1.26635, 0.0665268, 0.0490053, 0.175837, 0.0649756, 0.0183176, 0.0211621, 0.027775, 0.236178, 0.0225934, 0.0571835, 0.0215411, 0.0230869, 0.0252881, 0.150033, 0.122499, 0.0356046, 0.0457291, 0.0392349, 0.0347296, 0.0367877, 0.0876407, 0.0812247, 0.0198154, 0.142559, 1.07552, 1.18931, 1.84623
, , 1.20352, 1.16696, 1.30195, 0.341914, 0.38692, 0.0525996, 0.891839, 0.766884, 0.150793, 7.09004, 0.186762, 0.0946964, 0.189636, 0.108915, 0.0908978, 0.102838, 0.0437111, 7.59042, 0.265007, 0.256373, 12.3158, 0.220481, 0.146236, 1.37023, 0.169302, 0.0872629, 0.0785711, 0.130258, 1.08386, 0.102205, 0.319329, 0.08759, 0.0820087, 0.083536, 1.03301, 0.667745, 0.0986361, 0.131395, 0.185482, 0.104578, 0.125617, 0.442444, 0.369903, 0.0760521, 0.933105, 1.43097, 1.48174, 6.98603
, 3, 0, 0, 0, 0, 0, 0, 0, 0, 0, 0, 0, 0.00187821, 0, 0, 0.00659927, 0, 0, 0, 0, 0, 0, 0, 0, 0, 0, 0, 0, 0, 0.000177307, 0.000209656, 0, 0, 0, 0, 0, 0, 0, 0, 0, 0, 0, 0.000526123, 0, 0.000577393, 0, 0.165741, 0.264734, 0.0800003
, , 0, 0, 0, 0, 0, 0, 0, 0, 0, 0, 0, 0.018782, 0, 0, 0.0659927, 0, 0, 0, 0, 0, 0, 0, 0, 0, 0, 0, 0, 0, 0.00177307, 0.00209656, 0, 0, 0, 0, 0, 0, 0, 0, 0, 0, 0, 0.00526123, 0, 0.00577393, 0, 0.793182, 1.05167, 0.408099
, 4, 0, 0, 0, 0.00114269, 0, 0, 0, 0, 0.000302887, 0.00242508, 0.000794601, 0.00140175, 0, 0, 0.000856781, 0, 0.00147217, 0.00232849, 0, 0.00165344, 0.00104507, 0, 0.00278671, 0.000955963, 0.00292313, 0, 0.000949402, 0, 0.00275513, 0.00174744, 0.00174469, 0, 0, 0.00263519, 0.00562988, 0, 6.74439e-05, 0, 0.00672424, 0, 0.000411072, 0.00218353, 0, 0.00024231, 0.00037262, 0, 0, 0
, , 0, 0, 0, 0.0114269, 0, 0, 0, 0, 0.00302887, 0.0242508, 0.00794601, 0.0140175, 0, 0, 0.00856781, 0, 0.0147217, 0.0204744, 0, 0.0165344, 0.0104507, 0, 0.0278671, 0.00955963, 0.0208165, 0, 0.00949402, 0, 0.0204821, 0.0174744, 0.0174469, 0, 0, 0.0198185, 0.0438, 0, 0.000674438, 0, 0.048318, 0, 0.00411072, 0.015557, 0, 0.0024231, 0.0037262, 0, 0, 0
, 5, 0.0404006, 0.0286996, 0.0413823, 0.00172134, 0, 0, 0, 0.00191498, 0, 0.00374977, 0, 0, 0.00264809, 0.00382767, 0.0025206, 0.00361343, 0, 0, 0.0048642, 0.00169449, 0, 0, 0, 0.00412155, 0.00269562, 0, 0.00322082, 0, 0, 0, 0.00173035, 0.00117371, 0.000731201, 0.000445251, 0.0010968, 0.00163605, 0.0031488, 0, 0.00157043, 0.00148651, 0, 0, 0, 0, 0.00418793, 0.0134448, 0.118419, 0.00888611
, , 0.316898, 0.191869, 0.275872, 0.0172134, 0, 0, 0, 0.0191498, 0, 0.0374977, 0, 0, 0.0209, 0.0382767, 0.0251168, 0.0256381, 0, 0, 0.0347593, 0.0169449, 0, 0, 0, 0.0260051, 0.0269562, 0, 0.0273476, 0, 0, 0, 0.0173035, 0.0117371, 0.00731201, 0.00445251, 0.010968, 0.0163605, 0.0227083, 0, 0.0157043, 0.0148651, 0, 0, 0, 0, 0.0334485, 0.0775915, 0.444663, 0.0414567
, 6, 0.0638115, 0.0456998, 0.0873345, 0.0215784, 0.0114001, 0.00795917, 0.0131246, 0, 0.000889816, 0, 0.00142197, 0.00304192, 0.0142809, 0.00628754, 0.0186076, 0.0147215, 0.00347855, 0.00316757, 0.00638321, 0.0296687, 0.000509033, 0.00226868, 0.00506302, 0.00534592, 0.0124045, 0.00545486, 0.00618317, 0.00624176, 0.00729279, 0.00174652, 0.0106897, 0, 0.0123202, 0.0126962, 0.0077832, 0.00798706, 0.00634216, 0.00207123, 0.00210724, 0.00841248, 0.00635589, 0.00138458, 0.0085141, 0.00599518, 0.00454559, 0, 0, 0
, , 0.503325, 0.280995, 0.557591, 0.123006, 0.0666525, 0.0571023, 0.0661566, 0, 0.00875294, 0, 0.0111438, 0.0185022, 0.0794605, 0.0345806, 0.07935, 0.0640245, 0.0205773, 0.024552, 0.0374986, 0.203857, 0.00363712, 0.0192778, 0.0506302, 0.0383854, 0.103475, 0.0461395, 0.046288, 0.0568172, 0.0445388, 0.0125382, 0.0572314, 0, 0.0717788, 0.0610419, 0.0316385, 0.0574288, 0.0350235, 0.015135, 0.0210724, 0.0528522, 0.0386076, 0.00992073, 0.0430325, 0.0353094, 0.028638, 0, 0, 0
, 7, 0.442907, 0.348309, 0.555406, 0.0774357, 0.728985, 0.0392585, 0.437573, 0.124666, 0.0436795, 4.51878, 0.0413746, 0.067676, 0.037315, 0.252254, 0.417646, 0.439688, 0.0693341, 4.19931, 0.0970401, 0.144753, 4.71247, 0.0553332, 0.099711, 0.101538, 0.0513416, 0.0906314, 0.0373657, 0.0731973, 0.487347, 0.134781, 0.145967, 0.0311862, 0.282016, 0.133463, 0.793503, 0.177614, 0.280868, 0.654024, 0.262716, 0.0446475, 0.0830142, 0.167986, 0.111299, 0.120224, 0.347799, 0.0292886, 0.0115573, 0.100119
, , 1.36245, 1.12091, 1.20337, 0.324574, 4.00341, 0.128928, 2.37776, 0.817246, 0.130075, 43.797, 0.117616, 0.195418, 0.0942508, 2.14475, 3.64578, 3.96989, 0.171592, 35.2801, 0.412817, 0.814999, 45.6265, 0.177177, 0.460638, 0.284763, 0.125274, 0.406296, 0.130727, 0.308054, 3.25824, 0.388181, 0.859967, 0.081637, 1.67541, 0.874353, 6.85448, 1.24358, 2.50337, 4.95227, 1.99607, 0.143284, 0.328483, 1.09504, 0.538704, 0.638412, 2.34447, 0.170289, 0.0375538, 0.899355
, 8, 0.04707, 0.0205216, 0.00839323, 0.00301617, 0, 0, 0.00140739, 0.00402428, 0, 0, 0.00601425, 0, 0, 0, 0, 0, 0, 0.00536728, 0, 7.44629e-05, 0, 0, 0, 0.000334473, 0, 0, 0.0102344, 0, 0.00232849, 0.000985107, 0, 0.00473816, 0, 0.0027359, 0.00207062, 0.00452453, 0, 0.00170349, 0.00207733, 0.00364807, 0.00246918, 0, 0.00126801, 0.00172607, 0.00514465, 0.00393646, 0.0226242, 0.0269333
, , 0.319832, 0.202241, 0.0839323, 0.0301617, 0, 0, 0.0140739, 0.0402428, 0, 0, 0.0500292, 0, 0, 0, 0, 0, 0, 0.0387676, 0, 0.000744629, 0, 0, 0, 0.00334473, 0, 0, 0.0720156, 0, 0.0232849, 0.00985107, 0, 0.0473816, 0, 0.027359, 0.0207062, 0.0452454, 0, 0.0170349, 0.0207733, 0.026476, 0.0246918, 0, 0.0109088, 0.0172607, 0.046938, 0.0309952, 0.16446, 0.167729
,Sum, 1.54712, 1.29253, 1.58738, 0.206148, 1.24158, 0.078033, 0.878463, 0.370804, 0.121006, 9.1056, 0.134368, 0.145003, 0.141087, 0.449151, 0.862095, 0.633743, 0.098192, 9.20112, 0.229033, 0.304732, 11.1804, 0.173335, 0.197834, 0.344201, 0.166673, 0.176457, 0.145602, 0.139676, 1.25605, 0.246657, 0.374293, 0.0750842, 0.689327, 0.341863, 2.17978, 0.399511, 0.62944, 1.45218, 0.486442, 0.129093, 0.197699, 0.349259, 0.454319, 0.262649, 0.744748, 1.31042, 1.67215, 2.9631
, , 2.3967, 1.88903, 2.23486, 0.602319, 6.35029, 0.179859, 5.08561, 1.8824, 0.252784, 83.9714, 0.284853, 0.432208, 0.26639, 3.35, 6.95101, 4.9397, 0.188054, 79.5577, 0.795101, 1.10122, 108.731, 0.361556, 0.727016, 1.59262, 0.28812, 0.46309, 0.257299, 0.397101, 6.11054, 0.701838, 2.28446, 0.150225, 4.77415, 2.0065, 19.4726, 2.38618, 4.87595, 10.8584, 3.16869, 0.222284, 0.48695, 1.86401, 3.06772, 1.18172, 4.01595, 1.87736, 2.32555, 16.7139
Number In, 0, 3.31, 3.46, 3.13, 1.84, 2.08, 2.12, 2.11, 1.97, 2.05, 2.04, 2.1, 2.09, 1.98, 2.24, 2.3, 2.03, 2.07, 1.83, 1.66, 1.78, 1.84, 2.24, 1.86, 2.12, 2.09, 1.85, 1.87, 1.98, 1.77, 1.71, 1.95, 1.72, 1.93, 2.11, 2.04, 1.85, 2.23, 1.86, 1.74, 2.01, 1.91, 2.06, 1.99, 1.97, 2.11, 3.3, 3.27, 3.58
, , 1.76781, 1.71988, 1.76186, 1.40504, 1.56786, 1.51944, 1.46263, 1.3292, 1.40974, 1.33273, 1.32192, 1.51821, 1.46322, 1.42219, 1.42489, 1.48021, 1.24928, 1.37844, 1.48542, 1.25995, 1.58732, 1.48474, 1.38549, 1.28927, 1.364, 1.3133, 1.39736, 1.20588, 1.24604, 1.32798, 1.23399, 1.32635, 1.36519, 1.42059, 1.44194, 1.41689, 1.63827, 1.28723, 1.32284, 1.42485, 1.32646, 1.40576, 1.34461, 1.2509, 1.57567, 1.59861, 1.78011, 1.87045
, 1, 0, 0, 0, 0.07, 0.05, 0.01, 0.06, 0.02, 0.03, 0, 0, 0.03, 0.05, 0.03, 0.06, 0.01, 0.02, 0.01, 0.05, 0.04, 0.01, 0.03, 0.02, 0.03, 0.01, 0.05, 0.02, 0.04, 0.01, 0.07, 0.03, 0.02, 0.06, 0.01, 0.05, 0.05, 0.07, 0.01, 0.02, 0.03, 0.06, 0.08, 0.04, 0.04, 0.04, 0.08, 0.03, 0.03
, , 0, 0, 0, 0.256432, 0.261116, 0.1, 0.238683, 0.140705, 0.171447, 0, 0, 0.171447, 0.219043, 0.171447, 0.238683, 0.1, 0.140705, 0.1, 0.219043, 0.196946, 0.1, 0.171447, 0.140705, 0.171447, 0.1, 0.219043, 0.140705, 0.196946, 0.1, 0.256432, 0.171447, 0.140705, 0.238683, 0.1, 0.219043, 0.219043, 0.256432, 0.1, 0.140705, 0.171447, 0.238683, 0.307482, 0.196946, 0.196946, 0.196946, 0.27266, 0.171447, 0.171447
, 2, 3.43, 3.1, 3.05, 0.38, 0.31, 0.27, 0.29, 0.44, 0.31, 0.3, 0.3, 0.31, 0.46, 0.39, 0.37, 0.29, 0.3, 0.33, 0.33, 0.37, 0.33, 0.39, 0.36, 0.39, 0.44, 0.35, 0.27, 0.23, 0.4, 0.22, 0.23, 0.28, 0.32, 0.34, 0.3, 0.4, 0.38, 0.36, 0.29, 0.33, 0.33, 0.38, 0.36, 0.41, 0.44, 3.26, 3.51, 3.23
, , 1.981, 1.60492, 1.57874, 0.663325, 0.544857, 0.509605, 0.456048, 0.640707, 0.56309, 0.541229, 0.541229, 0.544857, 0.687845, 0.58422, 0.525222, 0.498381, 0.522233, 0.58698, 0.652191, 0.613896, 0.55149, 0.566667, 0.594928, 0.680092, 0.656283, 0.55732, 0.529055, 0.446196, 0.68165, 0.462317, 0.468287, 0.533333, 0.548276, 0.572431, 0.522233, 0.619547, 0.564613, 0.559942, 0.518253, 0.53286, 0.58698, 0.599326, 0.611671, 0.587668, 0.686375, 2.04801, 1.62366, 1.82494
, 3, 0, 0, 0, 0.03, 0.02, 0.02, 0, 0.02, 0.01, 0.01, 0.01, 0.02, 0, 0.02, 0.01, 0.02, 0.01, 0.03, 0.01, 0, 0, 0.02, 0.04, 0.04, 0.04, 0.02, 0.02, 0, 0.02, 0.04, 0.03, 0.02, 0.02, 0.03, 0, 0.01, 0.01, 0, 0.01, 0.02, 0.02, 0.03, 0.01, 0.03, 0.02, 0.15, 0.21, 0.13
, , 0, 0, 0, 0.171447, 0.140705, 0.140705, 0, 0.140705, 0.1, 0.1, 0.1, 0.140705, 0, 0.140705, 0.1, 0.140705, 0.1, 0.171447, 0.1, 0, 0, 0.140705, 0.242878, 0.196946, 0.196946, 0.140705, 0.140705, 0, 0.140705, 0.196946, 0.171447, 0.140705, 0.140705, 0.171447, 0, 0.1, 0.1, 0, 0.1, 0.140705, 0.140705, 0.171447, 0.1, 0.171447, 0.140705, 0.435194, 0.456048, 0.337998
, 4, 0, 0, 0, 0.39, 0.38, 0.24, 0.34, 0.3, 0.4, 0.39, 0.34, 0.41, 0.33, 0.37, 0.43, 0.34, 0.26, 0.31, 0.32, 0.39, 0.34, 0.2, 0.31, 0.25, 0.3, 0.29, 0.37, 0.35, 0.35, 0.38, 0.41, 0.34, 0.4, 0.32, 0.29, 0.35, 0.33, 0.25, 0.35, 0.29, 0.26, 0.29, 0.31, 0.34, 0.22, 0, 0, 0
, , 0, 0, 0, 0.665074, 0.582228, 0.473969, 0.554504, 0.522233, 0.603023, 0.58422, 0.554504, 0.63715, 0.55149, 0.580056, 0.623691, 0.572431, 0.543464, 0.580752, 0.529532, 0.649709, 0.554504, 0.426401, 0.677115, 0.457817, 0.502519, 0.518253, 0.562372, 0.538891, 0.538891, 0.632136, 0.683056, 0.572431, 0.635642, 0.583961, 0.573752, 0.625631, 0.58698, 0.5, 0.701729, 0.477684, 0.504925, 0.53739, 0.544857, 0.554504, 0.439926, 0, 0, 0
, 5, 0.25, 0.37, 0.35, 0.98, 0.96, 1.03, 0.95, 0.9, 0.89, 0.94, 1.05, 1.11, 1.01, 1.1, 1.11, 0.94, 1.17, 0.95, 0.92, 1.09, 0.97, 1.08, 0.95, 1.05, 0.83, 1.13, 1.01, 0.94, 0.96, 0.92, 1.17, 0.87, 1.13, 1.11, 0.94, 1.22, 0.97, 1.04, 1.03, 0.92, 0.87, 0.91, 1.17, 0.95, 1.16, 0.6, 0.64, 0.72
, , 0.538892, 0.562372, 0.672325, 1.01484, 0.909212, 0.999545, 0.957427, 0.893297, 0.941683, 1.03299, 1.22578, 1.13614, 0.87033, 0.989847, 1.00398, 0.972553, 1.11966, 0.880484, 1.06059, 1.08334, 0.958271, 1.06059, 0.96792, 1.18386, 0.804721, 0.906263, 0.926545, 0.972553, 0.983911, 0.928559, 1.05462, 0.917341, 1.0116, 1.03372, 1.08078, 1.05006, 0.947671, 0.96316, 1.05844, 1.1431, 0.949801, 0.911154, 1.00559, 1.08595, 1.05141, 0.778499, 0.759053, 0.841835
, 6, 0.63, 0.65, 0.77, 0.92, 0.93, 1.07, 1.08, 0.98, 0.93, 0.76, 1.01, 0.88, 1.07, 1.07, 0.99, 0.83, 0.89, 1.13, 0.99, 0.93, 0.81, 1.01, 1.15, 1.08, 0.93, 0.87, 0.86, 1.05, 0.8, 0.94, 1.02, 0.95, 1.13, 0.97, 1.07, 0.84, 0.91, 0.91, 1.01, 1.11, 1.08, 0.82, 0.97, 0.94, 0.81, 0, 0, 0
, , 0.82456, 0.701729, 0.951925, 1.00182, 0.997522, 0.890522, 1.06059, 0.963789, 0.934793, 0.854223, 1.03957, 0.9876, 0.912926, 1.01757, 1.02981, 0.853454, 0.95235, 0.991428, 0.915578, 1.08484, 0.812715, 1.1055, 0.957427, 1.05102, 0.843933, 0.991428, 0.899158, 1.07661, 0.828775, 1.01325, 1.09157, 0.946818, 1.00156, 1.01956, 1.06605, 0.884433, 0.943826, 0.911154, 0.979538, 1.0721, 0.991683, 0.891939, 0.915136, 0.919156, 0.884148, 0, 0, 0
, 7, 0.94, 1.07, 1.08, 2.05, 2.21, 2.1, 1.94, 2.02, 2.01, 1.99, 2.05, 2.01, 1.92, 1.96, 2.1, 2.02, 1.94, 2.04, 1.97, 1.8, 2.05, 2.18, 2.23, 1.89, 2.27, 1.81, 1.93, 1.86, 2.09, 2.07, 2.05, 1.77, 1.79, 1.95, 2.05, 1.92, 2.14, 2.04, 2.11, 1.82, 2.05, 1.88, 1.95, 2.12, 1.98, 1.01, 1.02, 0.9
, , 1.01325, 1.17426, 0.939374, 1.38078, 1.48593, 1.367, 1.46901, 1.25513, 1.57951, 1.50752, 1.45904, 1.38166, 1.40475, 1.3701, 1.53412, 1.48378, 1.36936, 1.47655, 1.5404, 1.34089, 1.43108, 1.53991, 1.43446, 1.26247, 1.44848, 1.42627, 1.58436, 1.23108, 1.46401, 1.39447, 1.5, 1.25412, 1.3875, 1.37345, 1.40256, 1.27667, 1.37084, 1.28645, 1.61367, 1.07666, 1.33617, 1.44446, 1.35121, 1.51277, 1.37789, 1.06832, 0.931817, 0.870388
, 8, 0.28, 0.27, 0.35, 0.58, 0.59, 0.62, 0.69, 0.68, 0.58, 0.7, 0.75, 0.64, 0.67, 0.65, 0.72, 0.68, 0.69, 0.65, 0.67, 0.64, 0.58, 0.71, 0.55, 0.61, 0.61, 0.66, 0.72, 0.59, 0.63, 0.64, 0.65, 0.69, 0.64, 0.69, 0.72, 0.71, 0.61, 0.75, 0.72, 0.5, 0.77, 0.61, 0.81, 0.75, 0.84, 0.39, 0.32, 0.34
, , 0.533333, 0.509605, 0.609272, 0.793662, 0.865675, 0.762505, 0.872648, 0.789834, 0.741007, 0.858705, 0.845368, 0.785217, 0.841535, 0.79614, 0.877093, 0.952191, 0.747994, 0.770347, 0.725509, 0.822904, 0.713223, 0.832363, 0.74366, 0.863339, 0.777135, 0.843514, 0.910988, 0.739847, 0.705748, 0.785217, 0.729951, 0.812715, 0.689312, 0.906709, 0.817486, 1.06643, 0.790026, 0.808728, 0.753175, 0.703526, 0.897302, 0.723278, 0.837203, 0.833333, 1.03201, 0.529818, 0.583961, 0.589813
,Sum, 8.84, 8.92, 8.73, 7.24, 7.53, 7.48, 7.46, 7.33, 7.21, 7.13, 7.61, 7.5, 7.49, 7.83, 8.09, 7.16, 7.35, 7.28, 6.92, 7.04, 6.93, 7.86, 7.47, 7.46, 7.52, 7.03, 7.07, 7.04, 7.03, 6.99, 7.54, 6.66, 7.42, 7.53, 7.46, 7.35, 7.65, 7.22, 7.28, 7.03, 7.35, 7.06, 7.61, 7.55, 7.62, 8.79, 9, 8.93
, , 2.82743, 3.07377, 3.05457, 2.93746, 2.77236, 2.59557, 2.88647, 2.75628, 2.79355, 2.96326, 2.95041, 2.93189, 2.72473, 2.51482, 2.98513, 2.76237, 2.6529, 2.93388, 2.59635, 2.84594, 2.58689, 2.74145, 3.08288, 2.63397, 2.67604, 2.45959, 2.73494, 2.61665, 2.67217, 2.72473, 3.01987, 2.36652, 2.39604, 2.6646, 2.68336, 2.6643, 2.90028, 2.60373, 2.67075, 2.52445, 2.6529, 2.63166, 2.5021, 2.54802, 2.90169, 3.19183, 3.00505, 2.85776
Number Out, 0, 3.27, 3.47, 3.1, 1.81, 1.94, 1.99, 1.95, 1.78, 1.88, 1.96, 2.03, 2.07, 1.89, 2.11, 2.06, 1.9, 1.93, 1.77, 1.53, 1.58, 1.78, 2.14, 1.75, 1.97, 2, 1.75, 1.7, 1.85, 1.65, 1.6, 1.81, 1.61, 1.75, 1.94, 1.94, 1.7, 2.06, 1.75, 1.64, 1.84, 1.82, 1.93, 1.9, 1.85, 1.87, 3.26, 3.19, 3.48
, , 1.74573, 1.73179, 1.79505, 1.34611, 1.56231, 1.52749, 1.48647, 1.31487, 1.38739, 1.28645, 1.32158, 1.53909, 1.34761, 1.3991, 1.37672, 1.5209, 1.27331, 1.36222, 1.39592, 1.14751, 1.54122, 1.51104, 1.39534, 1.28279, 1.32574, 1.3133, 1.29099, 1.24215, 1.24215, 1.27128, 1.12542, 1.25445, 1.37345, 1.36197, 1.42715, 1.37437, 1.59431, 1.26631, 1.26746, 1.41221, 1.32863, 1.37991, 1.31426, 1.2008, 1.41888, 1.60567, 1.81294, 1.86667
, 1, 0, 0, 0, 0.02, 0.07, 0.02, 0.07, 0.02, 0.01, 0.03, 0, 0.03, 0.01, 0.03, 0.04, 0.04, 0.02, 0.03, 0.04, 0.03, 0.03, 0.02, 0.03, 0.04, 0.01, 0.04, 0.01, 0.01, 0.06, 0.06, 0.01, 0.01, 0.07, 0.02, 0.05, 0.05, 0.05, 0.04, 0.03, 0.02, 0.05, 0.07, 0.05, 0.04, 0.05, 0.07, 0.03, 0.03
, , 0, 0, 0, 0.140705, 0.256432, 0.140705, 0.256432, 0.140705, 0.1, 0.171447, 0, 0.171447, 0.1, 0.171447, 0.196946, 0.242878, 0.140705, 0.171447, 0.196946, 0.171447, 0.171447, 0.140705, 0.171447, 0.196946, 0.1, 0.196946, 0.1, 0.1, 0.238683, 0.238683, 0.1, 0.1, 0.256432, 0.140705, 0.219043, 0.219043, 0.219043, 0.196946, 0.171447, 0.140705, 0.219043, 0.256432, 0.219043, 0.196946, 0.219043, 0.256432, 0.171447, 0.171447
, 2, 2.82, 2.87, 2.99, 0.67, 0.31, 0.27, 0.28, 0.41, 0.29, 0.31, 0.27, 0.32, 0.41, 0.41, 0.31, 0.31, 0.25, 0.27, 0.31, 0.38, 0.34, 0.37, 0.35, 0.34, 0.4, 0.4, 0.3, 0.18, 0.34, 0.26, 0.21, 0.28, 0.31, 0.32, 0.31, 0.36, 0.36, 0.39, 0.24, 0.33, 0.3, 0.36, 0.35, 0.4, 0.43, 2.53, 2.92, 2.98
, , 1.57236, 1.50188, 1.62366, 0.766139, 0.525991, 0.529055, 0.473116, 0.604612, 0.555869, 0.544857, 0.509605, 0.583961, 0.63715, 0.621094, 0.486068, 0.525991, 0.5, 0.509605, 0.56309, 0.632136, 0.623123, 0.525222, 0.609272, 0.654742, 0.635642, 0.603023, 0.541229, 0.411452, 0.589813, 0.543464, 0.433333, 0.533333, 0.544857, 0.529532, 0.525991, 0.594928, 0.5777, 0.548552, 0.452155, 0.55149, 0.559581, 0.559942, 0.641573, 0.568535, 0.714284, 1.63581, 1.346, 1.56334
, 3, 0, 0, 0, 0.03, 0.02, 0.01, 0.01, 0.02, 0.01, 0.01, 0.01, 0.02, 0, 0.02, 0.01, 0.01, 0.02, 0.03, 0.01, 0, 0, 0.02, 0.04, 0.03, 0.05, 0.02, 0.02, 0, 0.02, 0.04, 0.03, 0.02, 0.02, 0.03, 0, 0.01, 0.01, 0, 0.01, 0.02, 0.02, 0.02, 0.02, 0.03, 0.02, 0.04, 0.11, 0.06
, , 0, 0, 0, 0.171447, 0.140705, 0.1, 0.1, 0.140705, 0.1, 0.1, 0.1, 0.140705, 0, 0.140705, 0.1, 0.1, 0.140705, 0.171447, 0.1, 0, 0, 0.140705, 0.242878, 0.171447, 0.219043, 0.140705, 0.140705, 0, 0.140705, 0.196946, 0.171447, 0.140705, 0.140705, 0.171447, 0, 0.1, 0.1, 0, 0.1, 0.140705, 0.140705, 0.140705, 0.140705, 0.171447, 0.140705, 0.196946, 0.314466, 0.238683
, 4, 0, 0, 0, 0.36, 0.4, 0.25, 0.32, 0.32, 0.39, 0.35, 0.39, 0.39, 0.34, 0.38, 0.41, 0.35, 0.26, 0.32, 0.3, 0.39, 0.36, 0.2, 0.29, 0.27, 0.3, 0.28, 0.36, 0.35, 0.37, 0.38, 0.4, 0.33, 0.4, 0.32, 0.3, 0.35, 0.33, 0.24, 0.34, 0.29, 0.27, 0.28, 0.31, 0.34, 0.23, 0, 0, 0
, , 0, 0, 0, 0.643852, 0.603023, 0.479372, 0.529532, 0.566399, 0.601261, 0.55732, 0.601261, 0.617833, 0.554504, 0.582228, 0.587668, 0.575159, 0.543464, 0.583961, 0.522233, 0.633971, 0.559942, 0.426401, 0.655898, 0.468287, 0.502519, 0.514045, 0.5777, 0.538891, 0.562372, 0.632136, 0.68165, 0.569512, 0.586033, 0.583961, 0.57735, 0.625631, 0.58698, 0.494822, 0.639128, 0.477684, 0.529055, 0.533333, 0.544856, 0.554504, 0.468287, 0, 0, 0
, 5, 0.22, 0.35, 0.31, 0.98, 0.94, 1.03, 0.94, 0.93, 0.9, 0.93, 1, 1.15, 1.04, 1.08, 1.12, 0.95, 1.15, 0.94, 0.94, 1.03, 1, 1.09, 0.96, 1.04, 0.83, 1.12, 1.04, 0.92, 0.96, 0.92, 1.19, 0.88, 1.1, 1.1, 0.96, 1.15, 1.01, 1.09, 1, 0.93, 0.88, 0.89, 1.15, 0.97, 1.15, 0.6, 0.56, 0.71
, , 0.462317, 0.55732, 0.646592, 1.01484, 0.9081, 1.04886, 0.885575, 0.86754, 0.926599, 0.997522, 1.23092, 1.21751, 0.863631, 0.991682, 0.997775, 0.9783, 1.08595, 0.874094, 1.07139, 1.05844, 0.984732, 1.08334, 0.96316, 1.19697, 0.829446, 0.913203, 0.96316, 0.950067, 0.973591, 0.906542, 1.07961, 0.924198, 1.02, 1.02986, 1.10023, 1.0088, 0.969171, 0.954469, 1.06363, 1.14816, 0.945804, 0.897753, 1.0088, 1.07736, 1.02863, 0.80403, 0.756387, 0.85629
, 6, 0.58, 0.63, 0.73, 0.91, 0.89, 1.03, 1.08, 0.96, 0.94, 0.76, 0.97, 0.9, 1.05, 1.01, 0.97, 0.79, 0.88, 1.13, 0.96, 0.92, 0.79, 1.04, 1.13, 1.05, 0.94, 0.84, 0.86, 1.02, 0.81, 0.95, 1, 0.93, 1.12, 0.93, 1.05, 0.83, 0.9, 0.9, 1.02, 1.08, 1.05, 0.81, 0.97, 0.9, 0.81, 0.01, 0, 0
, , 0.767786, 0.676518, 0.919541, 0.985706, 0.952349, 0.881402, 1.05102, 0.96316, 0.919156, 0.865967, 0.979126, 0.969223, 0.936089, 1.01, 1.0096, 0.832363, 0.945804, 1.0116, 0.920255, 1.05102, 0.807728, 1.10937, 0.949801, 1.01876, 0.83871, 0.99209, 0.876402, 1.04427, 0.812715, 1.01876, 1.09175, 0.912926, 0.997775, 0.987344, 1.04809, 0.876805, 0.948151, 0.904534, 0.984527, 1.07007, 0.936089, 0.872648, 0.904031, 0.915633, 0.860995, 0.1, 0, 0
, 7, 0.62, 0.74, 0.73, 1.88, 1.91, 1.91, 1.77, 1.81, 1.87, 1.71, 1.91, 1.81, 1.71, 1.78, 1.79, 1.86, 1.66, 1.77, 1.78, 1.62, 1.82, 1.96, 2.05, 1.64, 2.11, 1.66, 1.83, 1.66, 1.95, 1.75, 1.92, 1.62, 1.61, 1.79, 1.87, 1.71, 1.98, 1.86, 1.95, 1.7, 1.83, 1.69, 1.79, 1.96, 1.74, 1.01, 0.96, 0.85
, , 0.749141, 0.960008, 0.839131, 1.33545, 1.4571, 1.364, 1.52325, 1.26886, 1.52855, 1.42343, 1.41489, 1.27679, 1.33557, 1.34525, 1.40917, 1.39277, 1.35751, 1.46236, 1.50809, 1.28535, 1.36611, 1.40648, 1.38808, 1.17654, 1.42059, 1.37231, 1.54433, 1.17396, 1.40256, 1.29002, 1.50876, 1.26155, 1.36991, 1.35061, 1.47474, 1.19168, 1.32558, 1.31056, 1.5267, 1.11464, 1.27964, 1.46815, 1.28153, 1.49017, 1.36048, 1.06832, 0.941951, 0.857233
, 8, 0.25, 0.27, 0.31, 0.61, 0.59, 0.6, 0.69, 0.64, 0.64, 0.68, 0.73, 0.66, 0.69, 0.64, 0.69, 0.68, 0.71, 0.63, 0.65, 0.7, 0.54, 0.73, 0.55, 0.6, 0.59, 0.71, 0.71, 0.58, 0.61, 0.68, 0.63, 0.69, 0.63, 0.7, 0.74, 0.7, 0.61, 0.73, 0.74, 0.51, 0.75, 0.61, 0.79, 0.74, 0.85, 0.42, 0.3, 0.3
, , 0.5, 0.509605, 0.56309, 0.80271, 0.865675, 0.752101, 0.872648, 0.785217, 0.797977, 0.839432, 0.827006, 0.794171, 0.872648, 0.785217, 0.872648, 0.930732, 0.769297, 0.760848, 0.729951, 0.834847, 0.702377, 0.874498, 0.757121, 0.876172, 0.712018, 0.913369, 0.902242, 0.698917, 0.723278, 0.789834, 0.719919, 0.812715, 0.676518, 0.915633, 0.811782, 1.06837, 0.80271, 0.814701, 0.760383, 0.703455, 0.891883, 0.764027, 0.832363, 0.824131, 1.05768, 0.535224, 0.57735, 0.522233
,Sum, 7.76, 8.33, 8.17, 7.27, 7.07, 7.11, 7.11, 6.89, 6.93, 6.74, 7.31, 7.35, 7.14, 7.46, 7.4, 6.89, 6.88, 6.89, 6.52, 6.65, 6.66, 7.57, 7.15, 6.98, 7.23, 6.82, 6.83, 6.57, 6.77, 6.64, 7.2, 6.37, 7.01, 7.15, 7.22, 6.86, 7.31, 7, 6.97, 6.72, 6.97, 6.66, 7.33, 7.23, 7.15, 7.94, 8.07, 8.41
, , 2.35754, 2.74158, 2.91999, 2.92966, 2.71641, 2.61656, 2.86707, 2.70762, 2.72013, 2.80915, 2.84159, 2.76111, 2.54662, 2.56795, 2.74506, 2.67005, 2.57525, 2.70389, 2.44321, 2.49191, 2.58676, 2.40897, 2.91764, 2.39098, 2.65473, 2.43866, 2.5822, 2.42152, 2.4979, 2.58402, 2.78161, 2.32098, 2.2042, 2.47156, 2.6192, 2.39537, 2.84869, 2.39528, 2.51643, 2.57839, 2.37604, 2.67506, 2.42068, 2.42818, 2.60681, 2.83135, 2.51964, 2.53499
Number Expired, 0, 0, 0, 0, 0.03, 0.17, 0.06, 0.18, 0.17, 0.1, 0.21, 0.06, 0.04, 0.07, 0.08, 0.16, 0.15, 0.04, 0.21, 0.11, 0.15, 0.21, 0.11, 0.09, 0.13, 0.1, 0.13, 0.14, 0.07, 0.18, 0.11, 0.16, 0.06, 0.17, 0.19, 0.14, 0.12, 0.15, 0.15, 0.14, 0.12, 0.1, 0.09, 0.14, 0.13, 0.22, 0.03, 0.02, 0.11
, , 0, 0, 0, 0.171447, 0.58698, 0.238683, 0.538985, 0.472582, 0.333333, 1.22512, 0.238683, 0.196946, 0.293189, 0.27266, 0.443129, 0.538891, 0.196946, 1.36548, 0.314466, 0.435194, 1.34311, 0.399368, 0.320826, 0.366667, 0.333333, 0.393251, 0.376588, 0.293189, 0.592546, 0.314466, 0.506922, 0.238683, 0.58698, 0.56309, 0.738822, 0.356186, 0.5, 0.672325, 0.376588, 0.326599, 0.301511, 0.287623, 0.449916, 0.393251, 0.628932, 0.171447, 0.2, 1.1
, 1, 0, 0, 0, 0, 0, 0, 0, 0, 0, 0, 0, 0, 0, 0, 0, 0, 0, 0, 0, 0, 0, 0, 0, 0, 0, 0, 0, 0, 0, 0, 0, 0, 0, 0, 0, 0, 0, 0, 0, 0, 0, 0, 0, 0, 0, 0, 0, 0
, , 0, 0, 0, 0, 0, 0, 0, 0, 0, 0, 0, 0, 0, 0, 0, 0, 0, 0, 0, 0, 0, 0, 0, 0, 0, 0, 0, 0, 0, 0, 0, 0, 0, 0, 0, 0, 0, 0, 0, 0, 0, 0, 0, 0, 0, 0, 0, 0
, 2, 0.18, 0.15, 0.21, 0.01, 0.02, 0, 0.02, 0.01, 0, 0.04, 0.02, 0.01, 0.01, 0.02, 0.02, 0, 0, 0.05, 0.02, 0.01, 0.03, 0.02, 0.01, 0.04, 0, 0, 0, 0.01, 0.03, 0, 0.01, 0, 0, 0.01, 0.03, 0.02, 0.01, 0, 0.03, 0.01, 0.01, 0.01, 0.02, 0.01, 0.03, 0.35, 0.36, 0.47
, , 0.386123, 0.385992, 0.591096, 0.1, 0.140705, 0, 0.140705, 0.1, 0, 0.315268, 0.140705, 0.1, 0.1, 0.140705, 0.140705, 0, 0, 0.329524, 0.140705, 0.1, 0.3, 0.140705, 0.1, 0.242878, 0, 0, 0, 0.1, 0.171447, 0, 0.1, 0, 0, 0.1, 0.171447, 0.140705, 0.1, 0, 0.171447, 0.1, 0.1, 0.1, 0.140705, 0.1, 0.171447, 0.657129, 0.643852, 0.936952
, 3, 0, 0, 0, 0, 0, 0, 0, 0, 0, 0, 0, 0, 0, 0, 0, 0, 0, 0, 0, 0, 0, 0, 0, 0, 0, 0, 0, 0, 0, 0, 0, 0, 0, 0, 0, 0, 0, 0, 0, 0, 0, 0, 0, 0, 0, 0.08, 0.12, 0.05
, , 0, 0, 0, 0, 0, 0, 0, 0, 0, 0, 0, 0, 0, 0, 0, 0, 0, 0, 0, 0, 0, 0, 0, 0, 0, 0, 0, 0, 0, 0, 0, 0, 0, 0, 0, 0, 0, 0, 0, 0, 0, 0, 0, 0, 0, 0.367355, 0.40899, 0.219043
, 4, 0, 0, 0, 0, 0, 0, 0, 0, 0, 0, 0, 0, 0, 0, 0, 0, 0, 0, 0, 0, 0, 0, 0, 0, 0, 0, 0, 0, 0, 0, 0, 0, 0, 0, 0.01, 0, 0, 0, 0.01, 0, 0, 0, 0, 0, 0, 0, 0, 0
, , 0, 0, 0, 0, 0, 0, 0, 0, 0, 0, 0, 0, 0, 0, 0, 0, 0, 0, 0, 0, 0, 0, 0, 0, 0, 0, 0, 0, 0, 0, 0, 0, 0, 0, 0.1, 0, 0, 0, 0.1, 0, 0, 0, 0, 0, 0, 0, 0, 0
, 5, 0.02, 0.02, 0.03, 0, 0, 0, 0, 0, 0, 0, 0, 0, 0, 0, 0, 0, 0, 0, 0, 0, 0, 0, 0, 0, 0, 0, 0, 0, 0, 0, 0, 0, 0, 0, 0, 0, 0, 0, 0, 0, 0, 0, 0, 0, 0, 0.02, 0.08, 0.01
, , 0.140705, 0.140705, 0.171447, 0, 0, 0, 0, 0, 0, 0, 0, 0, 0, 0, 0, 0, 0, 0, 0, 0, 0, 0, 0, 0, 0, 0, 0, 0, 0, 0, 0, 0, 0, 0, 0, 0, 0, 0, 0, 0, 0, 0, 0, 0, 0, 0.140705, 0.27266, 0.1
, 6, 0.02, 0.03, 0.04, 0.03, 0.03, 0.03, 0.02, 0, 0, 0, 0.01, 0.01, 0.03, 0.03, 0.04, 0.04, 0, 0.01, 0.01, 0.03, 0, 0, 0.01, 0.02, 0.01, 0.01, 0.01, 0.01, 0.01, 0, 0.01, 0, 0.03, 0.04, 0.02, 0.02, 0, 0, 0, 0.02, 0.01, 0.02, 0.03, 0.01, 0.02, 0, 0, 0
, , 0.140705, 0.171447, 0.196946, 0.171447, 0.222702, 0.171447, 0.140705, 0, 0, 0, 0.1, 0.1, 0.171447, 0.171447, 0.196946, 0.196946, 0, 0.1, 0.1, 0.171447, 0, 0, 0.1, 0.140705, 0.1, 0.1, 0.1, 0.1, 0.1, 0, 0.1, 0, 0.171447, 0.196946, 0.140705, 0.140705, 0, 0, 0, 0.140705, 0.1, 0.140705, 0.171447, 0.1, 0.140705, 0, 0, 0
, 7, 0.28, 0.27, 0.41, 0.12, 0.3, 0.13, 0.22, 0.17, 0.15, 0.38, 0.13, 0.23, 0.16, 0.15, 0.21, 0.17, 0.21, 0.41, 0.16, 0.17, 0.36, 0.18, 0.22, 0.23, 0.16, 0.16, 0.09, 0.16, 0.2, 0.28, 0.16, 0.12, 0.18, 0.16, 0.21, 0.21, 0.11, 0.22, 0.18, 0.13, 0.21, 0.17, 0.17, 0.17, 0.2, 0.04, 0.05, 0.06
, , 0.569955, 0.694204, 0.63715, 0.383498, 0.758787, 0.366667, 0.523778, 0.427702, 0.385992, 1.52276, 0.418149, 0.529055, 0.419716, 0.51981, 0.498381, 0.71145, 0.498381, 1.43615, 0.419716, 0.53286, 1.56037, 0.500101, 0.54272, 0.489382, 0.419716, 0.465366, 0.287623, 0.394917, 0.651339, 0.569955, 0.368453, 0.326599, 0.519907, 0.465366, 0.573753, 0.518253, 0.345096, 0.759851, 0.457927, 0.366667, 0.518253, 0.493493, 0.513554, 0.403395, 0.512471, 0.196946, 0.219043, 0.277798
, 8, 0.02, 0.01, 0.01, 0, 0, 0, 0, 0, 0, 0, 0, 0, 0, 0, 0, 0, 0, 0, 0, 0, 0, 0, 0, 0, 0, 0, 0, 0, 0, 0, 0, 0, 0, 0, 0, 0, 0, 0, 0, 0, 0, 0, 0, 0, 0, 0.01, 0.02, 0.02
, , 0.140705, 0.1, 0.1, 0, 0, 0, 0, 0, 0, 0, 0, 0, 0, 0, 0, 0, 0, 0, 0, 0, 0, 0, 0, 0, 0, 0, 0, 0, 0, 0, 0, 0, 0, 0, 0, 0, 0, 0, 0, 0, 0, 0, 0, 0, 0, 0.1, 0.140705, 0.140705
,Sum, 0.52, 0.48, 0.7, 0.19, 0.52, 0.22, 0.44, 0.35, 0.25, 0.63, 0.22, 0.29, 0.27, 0.28, 0.43, 0.36, 0.25, 0.68, 0.3, 0.36, 0.6, 0.31, 0.33, 0.42, 0.27, 0.3, 0.24, 0.25, 0.42, 0.39, 0.34, 0.18, 0.38, 0.4, 0.41, 0.37, 0.27, 0.37, 0.36, 0.28, 0.33, 0.29, 0.36, 0.32, 0.47, 0.53, 0.65, 0.72
, , 0.834605, 0.904311, 0.948151, 0.525991, 1.28299, 0.462317, 0.946231, 0.757121, 0.55732, 2.95985, 0.483673, 0.640312, 0.633333, 0.682834, 0.831878, 1.15924, 0.55732, 3.06785, 0.57735, 0.785217, 3.15908, 0.787465, 0.697108, 0.684312, 0.600589, 0.627646, 0.494822, 0.538891, 1.28062, 0.633971, 0.806789, 0.411452, 0.838228, 0.9101, 1.31114, 0.786952, 0.722719, 1.30775, 0.627968, 0.58741, 0.682464, 0.686007, 0.915854, 0.664846, 1.02942, 0.915136, 1.0088, 2.0205
