Statistic Type, Time (min), Rep 0, Rep 1, Rep 2, Rep 3, Rep 4, Rep 5, Rep 6, Rep 7, Rep 8, Rep 9, Rep 10, Rep 11, Rep 12, Rep 13, Rep 14, Rep 15, Rep 16, Rep 17, Rep 18, Rep 19, Rep 20, Rep 21, Rep 22, Rep 23, Rep 24, Rep 25, Rep 26, Rep 27, Rep 28, Rep 29, Rep 30, Rep 31, Rep 32, Rep 33, Rep 34, Rep 35, Rep 36, Rep 37, Rep 38, Rep 39, Rep 40, Rep 41, Rep 42, Rep 43, Rep 44, Rep 45, Rep 46, Rep 47, Rep 48, Rep 49, Rep 50, Rep 51, Rep 52, Rep 53, Rep 54, Rep 55, Rep 56, Rep 57, Rep 58, Rep 59, Rep 60, Rep 61, Rep 62, Rep 63, Rep 64, Rep 65, Rep 66, Rep 67, Rep 68, Rep 69, Rep 70, Rep 71, Rep 72, Rep 73, Rep 74, Rep 75, Rep 76, Rep 77, Rep 78, Rep 79, Rep 80, Rep 81, Rep 82, Rep 83, Rep 84, Rep 85, Rep 86, Rep 87, Rep 88, Rep 89, Rep 90, Rep 91, Rep 92, Rep 93, Rep 94, Rep 95, Rep 96, Rep 97, Rep 98, Rep 99, Mean, Std Dev
Utilization, 0, 0, 0, 0, 0, 0, 0, 0, 0, 0, 0, 0, 0, 0, 0, 0, 0, 0, 0, 0, 0, 0, 0, 0, 0, 0, 0, 0, 0, 0, 0, 0, 0, 0, 0, 0, 0, 0, 0, 0, 0, 0, 0, 0, 0, 0, 0, 0, 0, 0, 0, 0, 0, 0, 0, 0, 0, 0, 0, 0, 0, 0, 0, 0, 0, 0, 0, 0, 0, 0, 0, 0, 0, 0, 0, 0, 0, 0, 0, 0, 0, 0, 0, 0, 0, 0, 0, 0, 0, 0, 0, 0, 0, 0, 0, 0, 0, 0, 0, 0, 0, 0, 0, 
, 30, 0, 0, 0, 0, 0, 0, 0, 0, 0, 0, 0, 0, 0, 0, 0, 0, 0, 0, 0, 0, 0, 0, 0, 0, 0, 0, 0, 0, 0, 0, 0, 0, 0, 0, 0, 0, 0, 0, 0, 0, 0, 0, 0, 0, 0, 0, 0, 0, 0, 0, 0, 0, 0, 0, 0, 0, 0, 0, 0, 0, 0, 0, 0, 0, 0, 0, 0, 0, 0, 0, 0, 0, 0, 0, 0, 0, 0, 0, 0, 0, 0, 0, 0, 0, 0, 0, 0, 0, 0, 0, 0, 0, 0, 0, 0, 0, 0, 0, 0, 0, 0, 0, 
, 60, 0, 0, 0, 0, 0, 0, 0, 0, 0, 0, 0, 0, 0, 0, 0, 0, 0, 0, 0, 0, 0, 0, 0, 0, 0, 0, 0, 0, 0, 0, 0, 0, 0, 0, 0, 0, 0, 0, 0, 0, 0, 0, 0, 0, 0, 0, 0, 0, 0, 0, 0, 0, 0, 0, 0, 0, 0, 0, 0, 0, 0, 0, 0, 0, 0, 0, 0, 0, 0, 0, 0, 0, 0, 0, 0, 0, 0, 0, 0, 0, 0, 0, 0, 0, 0, 0, 0, 0, 0, 0, 0, 0, 0, 0, 0, 0, 0, 0, 0, 0, 0, 0, 
, 90, 0, 0, 0, 0, 0, 0, 0, 0, 0, 0, 0, 0, 0, 0, 0, 0, 0, 0, 0, 0, 0, 0, 0, 0, 0, 0, 0, 0, 0, 0, 0, 0, 0, 0, 0, 0, 0, 0, 0, 0, 0, 0, 0, 0, 0, 0, 0, 0, 0, 0, 0, 0, 0, 0, 0, 0, 0, 0, 0, 0, 0, 0, 0, 0, 0, 0, 0, 0, 0, 0, 0, 0, 0, 0, 0, 0, 0, 0, 0, 0, 0, 0, 0, 0, 0, 0, 0, 0, 0, 0, 0, 0, 0, 0, 0, 0, 0, 0, 0, 0, 0, 0, 


Avg Service Time, 0, 2.60561, 3.25317, 5.85631, 5.1405, 5.25549, 3.76477, 6.1832, 3.50291, 4.55635, 3.99381, 2.58761, 2.83591, 4.91186, 5.35663, 4.53985, 2.27416, 3.20616, 5.95503, 3.62544, 4.72026, 5.33267, 3.26818, 5.22754, 4.87036, 3.58349, 3.93279, 3.62611, 4.49223, 4.96807, 3.68061, 4.72605, 5.46803, 3.59851, 4.64335, 6.40443, 3.32326, 4.65567, 5.87388, 3.00273, 3.34096, 3.83469, 3.07457, 2.83184, 4.43688, 4.42225, 7.29017, 6.36449, 4.26512, 4.56942, 3.66402, 3.49722, 4.7987, 4.85941, 4.72581, 4.36455, 4.75867, 2.96253, 3.10731, 2.99314, 5.01758, 3.97254, 3.01819, 2.99156, 2.60149, 3.96859, 2.34566, 3.60002, 3.60332, 4.30446, 2.46291, 3.39257, 4.20422, 4.86287, 4.52092, 3.20097, 3.87971, 5.01985, 3.40876, 3.20092, 3.06996, 3.76013, 5.25776, 5.0567, 4.63209, 5.24091, 5.62611, 5.30401, 2.75341, 3.29392, 3.44589, 6.82316, 4.03465, 4.62974, 4.81551, 6.57115, 6.51084, 4.49405, 2.93764, 3.29769, 5.44996, 4.23547, 1.11087, 
, 1, 0, 0, 0, 2.11332, 0, 0, 0, 0.368851, 0, 0, 0, 0, 0, 1.37191, 0, 0, 0, 5.04827, 4.60188, 0, 0, 0, 0, 0, 3.87787, 0, 15.6542, 0, 0, 0, 0, 0, 0, 0, 0, 0, 0, 0, 0, 0, 0, 0, 0, 0, 0, 6.71535, 0, 0, 5.70019, 0, 0, 0, 9.84893, 0, 7.2414, 0, 0.829979, 0, 0, 1.45585, 13.5373, 0, 1.90842, 0, 0, 3.22873, 0, 0, 2.55338, 1.69954, 0, 4.26675, 0, 0, 0, 3.79542, 0, 0, 0.446701, 0, 0, 0, 0, 0, 0, 1.72343, 0.822983, 0, 2.83691, 7.55061, 2.26597, 0, 0, 0, 0, 0, 0, 0.820923, 0, 0, 1.12285, 2.71743, 
, 2, 23.1746, 16.9498, 25.9803, 20.604, 17.6194, 29.6272, 21.7679, 15.6333, 24.4323, 21.4191, 22.6159, 10.4544, 23.3546, 14.878, 21.5105, 23.1571, 22.5773, 24.3364, 23.0185, 21.7134, 19.4491, 26.8593, 19.9895, 29.517, 14.255, 23.0242, 23.0314, 28.7324, 16.9944, 18.7603, 21.5202, 23.3378, 23.0908, 21.4933, 20.0726, 25.2124, 28.0682, 18.5849, 14.6087, 17.2058, 20.432, 23.9901, 22.7797, 24.0165, 18.6954, 14.4766, 30.3224, 22.7967, 26.7951, 32.8716, 23.2431, 23.9494, 13.4847, 25.0894, 18.9302, 16.8152, 31.1577, 19.1065, 29.2485, 23.8782, 14.7504, 11.0652, 15.9538, 21.9398, 20.8576, 10.2687, 19.498, 17.8294, 28.9132, 21.4642, 19.834, 19.8162, 23.3647, 24.794, 21.6794, 19.1712, 19.5727, 21.1206, 11.5567, 17.9414, 26.5735, 23.3473, 20.7505, 15.7468, 25.3223, 9.89954, 21.3305, 21.4466, 14.3604, 23.7727, 16.7435, 20.9179, 31.1182, 34.1605, 32.0985, 23.9678, 18.6024, 17.8284, 18.1769, 25.3522, 21.4362, 5.07832, 
, 3, 0.922287, 0, 0, 0, 0, 0.599693, 0, 0, 0.997879, 0.350952, 0.422493, 0, 0.271446, 0, 0.48748, 0.825348, 0, 1.02567, 1.41546, 0.448792, 0, 1.60381, 0, 0.238815, 0.965073, 0, 0, 0, 0, 0, 0, 0.730301, 0.540123, 0, 0, 0, 0, 0, 0, 0, 0, 0.522911, 1.27116, 0, 0, 0.396835, 0, 0.792824, 0, 0, 0.388016, 0, 0.498955, 0.743065, 0, 0, 0.394615, 0.845627, 1.23628, 0, 1.69291, 0, 0, 0, 0, 0, 0, 0, 1.19137, 0.83947, 0, 0, 0, 0, 0.333229, 0, 0.668953, 0.260025, 0, 0.59034, 0, 0, 1.12177, 0, 0.26683, 0.208931, 0, 0, 0, 0, 0, 0.343109, 0, 0.316345, 0.688583, 0, 0.289558, 0, 0.189644, 1.55603, 0.29493, 0.438564, 
, 4, 1.10343, 0.386667, 1.50201, 0, 0.470875, 0.848648, 1.4385, 0.867805, 0.144875, 0.691219, 0.936312, 0.826038, 0.473793, 0, 0.290726, 0.233795, 0.951492, 0, 0.280807, 1.19351, 0, 1.31544, 0.359676, 0.843746, 0.637001, 1.80522, 2.12674, 1.48964, 0.129608, 1.42173, 0.526638, 1.55324, 0.162682, 0.738932, 0.618462, 0.34045, 0.934044, 0.853436, 0.597321, 0.8272, 0.500031, 0.414856, 0.955849, 0.450287, 0, 0.882782, 0.418411, 0.106472, 1.1288, 1.22285, 1.06726, 0.801697, 0.105957, 0.902294, 0, 0, 0.25108, 1.02703, 0.390888, 1.61217, 0.236675, 0.432884, 0.549709, 0.411615, 1.60904, 0.991108, 1.04902, 1.29397, 0.709095, 1.36722, 0.790104, 1.68296, 0, 1.0569, 0.323338, 1.47479, 1.42738, 0.64415, 0.464233, 0, 0.916092, 0.630882, 0.41148, 0.486996, 0.502872, 0.76733, 0.264984, 0.942017, 0.594742, 0.881969, 0.444328, 0.626469, 0, 1.09824, 0, 0.635315, 1.85653, 0.44186, 0, 0.460453, 0.706372, 0.503258, 
, 5, 2.29794, 2.49642, 2.23328, 4.3113, 1.68488, 3.57565, 2.87839, 4.49785, 1.54936, 1.50441, 3.26546, 1.36284, 3.49149, 2.66004, 3.20834, 2.07784, 0.778428, 2.11616, 2.53949, 2.57861, 3.86484, 0.927368, 3.69646, 3.22541, 2.15987, 2.94649, 3.61495, 3.38129, 2.62876, 2.17821, 0.486164, 4.89284, 1.95076, 2.23333, 3.42015, 2.37434, 2.84017, 3.84718, 1.41618, 2.18073, 0.961297, 3.70684, 2.16879, 1.2854, 3.35768, 2.09126, 4.40722, 2.28838, 4.369, 3.85627, 1.78178, 3.34969, 3.47997, 3.93453, 1.94735, 3.77398, 2.79412, 1.35437, 2.59663, 3.78545, 4.61009, 3.93491, 3.3771, 2.89473, 3.41183, 2.4574, 2.86926, 2.11158, 3.10308, 3.01341, 2.39877, 2.86956, 2.278, 1.7143, 1.64027, 1.5137, 1.36799, 3.08693, 4.85767, 3.39415, 3.14683, 1.26485, 2.21077, 3.12553, 2.01852, 1.07529, 2.7428, 3.26326, 1.9783, 2.64786, 1.9385, 3.78355, 4.07468, 2.57064, 2.83561, 3.66285, 1.58396, 3.52766, 2.34743, 1.0528, 2.7042, 0.987496, 
, 6, 0.737403, 0.746502, 2.10733, 1.68275, 1.27086, 1.0016, 0.484933, 2.09716, 0.10965, 1.39294, 1.35677, 0.880749, 1.03571, 1.1645, 0.873062, 0.791847, 0.867033, 1.42492, 1.94687, 0.557064, 1.12598, 2.27633, 0.407277, 0.630365, 0.921984, 1.69787, 2.14052, 2.36223, 2.7395, 0.970015, 1.8122, 0.796843, 0.664644, 0.996937, 0.724154, 1.1735, 1.11483, 1.36236, 1.75555, 1.87698, 0.642337, 1.38587, 2.05529, 0.463072, 0.82448, 0.328348, 1.4394, 1.08379, 1.44175, 2.095, 2.16649, 1.17737, 0.689532, 0.903906, 0.764046, 1.92496, 0.858805, 0.485832, 0.693758, 1.23138, 1.34376, 0.792358, 0.440693, 0.697128, 1.30167, 1.06521, 0.569318, 0.916205, 0.938519, 0.572279, 0.913843, 0.7726, 0.872777, 1.35487, 0.9951, 0.919306, 0.551704, 1.95797, 1.03806, 1.01656, 1.45256, 0.445101, 1.19041, 0.73399, 1.07999, 1.93302, 1.5465, 1.28987, 1.24425, 1.36037, 0.831871, 0.280575, 1.86467, 0.958004, 1.40202, 0.276279, 0.37437, 0.976362, 0.8433, 0.39467, 1.12243, 0.54445, 
, 7, 2.23945, 1.52794, 0.160671, 2.51078, 0.557027, 1.46509, 1.5505, 1.61414, 1.17563, 2.2537, 1.3627, 1.00614, 2.48176, 1.53641, 1.65383, 1.32882, 1.27603, 1.41828, 1.74367, 1.35856, 2.21227, 2.8165, 1.4782, 1.79116, 1.33708, 1.76306, 1.7027, 1.58582, 3.08477, 1.52288, 2.34722, 2.30957, 1.39343, 1.55713, 1.66536, 1.39883, 1.78227, 2.12546, 0.681818, 2.37388, 1.94386, 1.72105, 2.18527, 0.918989, 2.848, 2.59325, 1.41358, 2.20873, 1.9534, 0.925341, 1.5458, 2.57217, 1.26847, 1.18497, 2.17758, 1.10291, 3.50058, 0.513848, 1.24181, 2.14336, 1.1351, 2.59133, 1.47469, 1.12727, 1.4247, 1.30479, 1.47111, 0.805989, 3.01517, 2.10703, 2.69835, 2.38857, 2.58329, 2.02987, 0.799803, 2.39302, 2.68724, 1.94969, 1.46365, 1.51485, 2.00783, 1.50304, 2.32593, 1.72558, 1.48027, 1.62102, 1.66943, 1.51217, 1.6114, 1.95904, 1.58507, 2.3339, 2.31434, 1.47858, 1.93261, 3.44844, 1.93913, 0.920863, 1.11883, 1.67083, 1.76237, 0.626196, 
, 8, 1.4057, 4.11468, 1.83248, 2.64186, 2.30695, 0.629166, 3.24154, 0.748346, 3.40042, 1.64795, 1.45699, 1.05995, 3.23542, 1.89811, 0.825478, 1.4118, 2.06756, 1.28579, 0.909115, 1.82093, 3.85489, 2.18266, 0.787941, 1.35346, 0.551552, 3.20493, 1.7771, 2.73179, 1.97023, 1.02412, 5.68105, 2.26707, 1.92043, 0.903412, 2.47831, 0.052021, 0.98856, 2.36137, 1.26179, 0.748794, 2.15229, 1.88625, 2.74235, 1.60818, 0.504082, 1.96001, 1.42668, 4.13194, 1.12699, 2.51724, 0.746337, 1.10035, 2.29383, 3.51403, 3.17815, 2.95585, 2.13732, 1.22983, 2.54012, 2.32343, 0.799229, 1.86159, 4.05367, 4.56276, 0.8241, 3.74243, 2.74369, 1.78367, 0.752857, 2.35244, 1.83546, 2.51786, 2.07316, 1.35672, 1.38816, 1.87518, 1.77563, 2.09257, 1.7976, 0.28125, 4.43072, 1.48881, 1.20515, 1.61232, 2.65542, 2.40591, 2.35985, 1.59671, 1.69931, 4.06026, 1.1973, 1.38996, 4.04819, 1.4282, 1.47417, 0.78927, 3.60974, 2.72852, 1.44057, 2.35729, 2.02565, 1.07395, 


Avg Wait Time, 0, 0.176252, 0.0714813, 0.458679, 0.520893, 0.0251389, 0.0134811, 0.685591, 0.661507, 0.216637, 0.48307, 0, 0.172882, 0.0887375, 0.569679, 0.528152, 0, 0.415958, 0.245972, 0, 0.224915, 0.705074, 0, 0.512684, 0.936234, 1.47148, 0.357868, 14.6545, 0.335779, 0.56649, 0.0738487, 0.0307541, 0.0668945, 0, 0.100212, 0.274994, 0.267319, 0.106556, 0.0381851, 0.0327034, 0.0265579, 0.362305, 0.20131, 0, 0.0786133, 0.271904, 12.3849, 0.653898, 0, 5.00878, 0, 0.0233803, 0.443747, 12.342, 0.349833, 7.62939, 0, 0, 0.498484, 0.446957, 1.0137, 2.42223, 0, 0.160522, 0, 0.304319, 4.40722, 0, 0.0993605, 0.0209045, 0, 0.105782, 3.18669, 0.0980759, 0.29121, 0.680043, 3.4202, 0.782509, 0, 0.0886049, 0.0116329, 0.802341, 0.0986938, 0.100128, 0.222466, 0.00572968, 3.36155, 1.35588, 0.0637856, 0.0342865, 0.356636, 0.310261, 0.205173, 0.0134964, 0.103448, 0.607157, 0.753433, 0.350475, 0.14999, 0, 0.663841, 0.934644, 2.44159, 
, 1, 0, 0, 0, 0, 0, 0, 0, 0.101006, 0, 0, 0, 0, 0, 0, 0, 0, 0, 0, 0, 0, 0, 0, 0, 0, 2.61406, 0, 0, 0, 0, 0, 0, 0, 0, 0, 0, 0, 0, 0, 0, 0, 0, 0, 0, 0, 0, 0, 0, 0, 0, 0, 0, 0, 0.105957, 0, 0, 0, 0, 0, 0, 0, 0.104095, 0, 0, 0, 0, 0.487606, 0, 0, 0, 0, 0, 0, 0, 0, 0, 0.297287, 0, 0, 0, 0, 0, 0, 0, 0, 0, 0, 0, 0, 0, 0, 0, 0, 0, 0, 0, 0, 0, 0, 0, 0, 0.0371001, 0.266933, 
, 2, 17.9898, 4.85188, 44.2429, 30.9277, 28.2042, 56.4455, 8.23098, 8.32438, 18.3732, 22.129, 11.9198, 3.83052, 28.6085, 20.3018, 4.6644, 31.7057, 47.2632, 7.74729, 57.3423, 26.7929, 7.90621, 7.01462, 21.9074, 10.773, 19.7538, 47.769, 32.9982, 16.8725, 3.89048, 12.8657, 5.39676, 15.0433, 10.8341, 1.76021, 32.5766, 27.7648, 20.2494, 11.3734, 15.2414, 2.41631, 13.1209, 19.8521, 12.5453, 22.904, 16.5016, 23.6065, 9.75196, 28.6241, 45.951, 47.8366, 1.8335, 20.7924, 13.5912, 32.9889, 29.4012, 48.8486, 53.2863, 14.8664, 35.9103, 35.2594, 8.67611, 0.603199, 5.03591, 17.352, 21.7136, 4.301, 12.6481, 1.9474, 25.6508, 12.9601, 30.3566, 5.48061, 23.7833, 16.0918, 14.1382, 11.5977, 9.36716, 13.5746, 7.06834, 17.8256, 28.2115, 18.4137, 10.1645, 20.4811, 16.8013, 10.0525, 13.7793, 27.5371, 2.57481, 33.567, 7.09258, 21.6845, 21.0052, 56.1805, 13.5072, 17.1008, 16.1681, 15.1084, 12.7082, 20.1336, 19.7422, 13.5639, 
, 3, 0.535873, 0, 0, 0, 0, 2.80319, 0, 0, 0, 0.0547409, 3.89575, 0, 0.320312, 0, 1.35645, 0, 0, 3.48019, 0, 2.75816, 0, 3.10907, 0, 1.23896, 0.313805, 0, 0, 0, 0, 0, 0, 0, 1.17662, 0, 0, 0, 0, 0, 0, 0, 0, 0.40992, 0, 0, 0, 0.412773, 0, 0.637032, 0, 0, 0.0685654, 0, 1.10413, 0, 0, 0, 0, 0, 0.434891, 0, 2.15688, 0, 0, 0, 0, 0, 0, 0, 0, 0, 0, 0, 0, 0, 3.30629, 0, 0, 0.121689, 0, 0, 0, 0, 3.14126, 0, 0.26104, 0.0352325, 0, 0, 0, 0, 0, 0, 0, 0, 0.0679855, 0, 0.903343, 0, 0.0738297, 6.69465, 0.408726, 1.07451, 
, 4, 0, 0, 0, 0, 0, 0, 0.243309, 0, 0, 0, 0, 0, 0, 0, 0, 0, 0, 0, 0, 0, 0, 0, 0, 0, 0, 0, 0, 0, 0, 0, 0, 0, 0, 0, 0, 0, 0, 0, 0, 0, 0, 0, 0, 0, 0, 0, 0, 0, 0.0468178, 0, 0, 0, 0, 0, 0, 0, 0, 0, 0, 0, 0, 0, 0, 0, 0.466442, 0, 0, 0, 0, 0, 0, 0, 0, 0, 0, 0, 0, 0, 0, 0, 0, 0, 0, 0, 0, 0, 0, 0, 0, 0, 0, 0, 0, 0, 0, 0, 0, 0, 0, 0, 0.00756569, 0.0525353, 
, 5, 0, 0.142471, 1.14948, 4.90321, 0.962547, 0.956612, 0.180573, 1.2971, 4.35967, 0, 0.341221, 0, 0, 0, 0.0853424, 0.666618, 0, 0.00527191, 1.30305, 0.033844, 3.35182, 0, 0.629929, 0, 0.0952215, 2.21566, 1.84715, 1.84708, 1.16242, 0.668111, 0, 2.386, 0, 0, 0, 0.329254, 0.148643, 0.246071, 0, 0, 0.237831, 0.378765, 0, 0.329437, 0.912903, 0, 0.01091, 0.130047, 2.07922, 2.28566, 0, 0.675468, 0.859756, 0.329689, 0, 2.60309, 1.38498, 0, 1.11929, 6.4224, 5.84677, 0.0523605, 3.89497, 1.25471, 0.739758, 0, 0, 0.0422058, 1.25594, 0, 0, 0, 1.26364, 0, 0, 0, 0, 0.757269, 1.84307, 0.356316, 0.982986, 0, 0.0899429, 0.558861, 0, 0, 4.8581, 0, 0, 0.216698, 0.649567, 0, 0.272014, 0.555069, 1.43539, 0, 0.425446, 0.634895, 0.358063, 0, 0.794179, 1.30526, 
, 6, 0, 0, 0.177841, 0.243374, 0.0113983, 9.14944, 0, 4.40937, 0, 0, 0.178436, 0.56044, 0.512768, 5.06149, 0, 0.369381, 0.193321, 1.7215, 0.189629, 0, 0, 0, 0, 0, 0.534817, 0, 0.389454, 0.411739, 0, 0.0643921, 0, 0.530523, 0, 13.9884, 0.147327, 0.525907, 0.331539, 0.0681477, 0.508568, 0.0395813, 0.406616, 0, 0, 0, 0.626697, 0, 8.68088, 1.91093, 0.556211, 0.242429, 2.67207, 0, 0.156155, 9.09134, 0, 0, 0.18844, 0.436714, 0, 0.216412, 0.463806, 0.613891, 0.226948, 0, 0, 0, 0.988146, 0.0852957, 0.0387845, 0, 0.00310516, 0.0586243, 0, 0.344156, 0, 0.314461, 0, 11.777, 0.0445633, 0.426277, 0.423603, 0.736223, 0, 0, 1.34983, 0.184631, 0, 0.0281258, 0, 0, 0.329247, 0.588953, 0, 1.9484, 0, 0, 0.223629, 1.47575, 0.0249634, 0, 0.88202, 2.4035, 
, 7, 2.71825, 0.209005, 0.564514, 2.1159, 2.58647, 0.170521, 3.47946, 6.60261, 1.27969, 1.5934, 0.915678, 0, 0.629274, 1.67476, 0.11333, 0.0566521, 0.435671, 35.7493, 4.97653, 19.1345, 0.759663, 4.34385, 0, 36.5353, 0.163162, 0.746052, 6.94942, 1.36496, 0, 0.935139, 1.89394, 6.32758, 2.92753, 0.580956, 2.29053, 0.0884552, 1.0867, 11.126, 1.01158, 2.52836, 0.034256, 7.01517, 5.23173, 0, 0.45682, 28.2715, 14.1028, 9.77157, 11.9921, 2.02752, 0.408195, 31.3744, 0.908562, 10.3484, 61.4196, 0.0181198, 1.87406, 0.120571, 2.201, 1.96523, 51.6668, 0.26046, 2.52342, 0.0148392, 2.44865, 6.37683, 0.0296326, 1.18688, 4.18517, 6.01636, 0.0785141, 2.58726, 2.35467, 0.763166, 0.112267, 1.03961, 2.66853, 36.9106, 6.54132, 13.3823, 9.5288, 5.01078, 72.6213, 0.135086, 4.06153, 0.012764, 3.46724, 4.41413, 1.12543, 43.4365, 3.27721, 1.36157, 1.69864, 14.2548, 4.80209, 6.21156, 15.6073, 0.615792, 0.874003, 0.285522, 6.90156, 13.1096, 
, 8, 0, 0.78904, 0.118507, 0, 0.126938, 0.146301, 0.924757, 0.0485916, 0.0740089, 1.10262, 0, 0.3575, 0.0895596, 0.784031, 0, 0, 1.02097, 0, 0.334328, 0, 0.866093, 0, 0.137871, 0.442671, 0.245918, 0, 0.321745, 0, 1.69722, 0.679321, 0.469, 0.181587, 0, 0, 0, 0, 0, 0.184235, 0.0176754, 0, 0, 0.11129, 0.523512, 2.15536, 0, 0.468737, 0, 0, 0.307518, 0.124277, 0.114616, 0.0743237, 0, 1.95098, 0.366615, 0, 0, 0, 2.01692, 0.147442, 0.0498886, 0.610756, 0, 0, 0, 0.284569, 0, 0, 0, 0.184097, 0.357933, 0, 0, 1.46841, 2.91999, 0, 0.659401, 0.708588, 0, 0, 0, 0, 0.446373, 0.295241, 5.29794, 0.5299, 0, 0.940109, 0.37027, 0.194342, 1.85687, 0, 0, 0.349315, 0.61869, 0.532555, 0.233142, 0, 0, 0.814103, 0.392446, 0.73999, 


Number In, 0, 26, 28, 39, 37, 31, 33, 39, 22, 36, 35, 29, 29, 40, 34, 28, 21, 33, 37, 29, 39, 34, 23, 31, 33, 32, 36, 29, 29, 30, 30, 34, 39, 30, 35, 40, 33, 33, 30, 29, 33, 29, 30, 22, 30, 32, 44, 47, 29, 34, 27, 24, 33, 33, 33, 38, 30, 26, 30, 27, 40, 36, 28, 20, 25, 31, 26, 30, 34, 33, 19, 23, 38, 31, 32, 31, 30, 35, 30, 36, 26, 30, 42, 38, 36, 32, 35, 32, 31, 28, 30, 50, 28, 44, 39, 39, 41, 37, 31, 37, 35, 32.35, 5.65752, 
, 1, 0, 0, 0, 1, 0, 0, 0, 1, 0, 0, 0, 1, 0, 1, 0, 0, 0, 1, 1, 0, 0, 0, 0, 1, 1, 0, 2, 0, 0, 0, 0, 0, 0, 0, 0, 0, 0, 0, 0, 0, 0, 0, 0, 0, 0, 1, 0, 0, 1, 0, 0, 0, 1, 0, 1, 0, 1, 0, 0, 1, 2, 0, 1, 0, 0, 2, 0, 0, 1, 1, 0, 1, 0, 0, 0, 1, 0, 0, 1, 0, 0, 0, 0, 0, 0, 1, 1, 0, 2, 1, 1, 0, 0, 0, 0, 0, 0, 1, 0, 0, 0.33, 0.55149, 
, 2, 25, 15, 31, 20, 18, 29, 22, 19, 21, 21, 25, 22, 23, 13, 20, 20, 23, 23, 23, 24, 19, 26, 21, 36, 21, 20, 27, 28, 17, 22, 21, 25, 21, 19, 18, 23, 30, 23, 14, 18, 16, 25, 21, 23, 18, 16, 26, 23, 27, 30, 30, 21, 15, 23, 20, 20, 29, 18, 27, 27, 18, 11, 18, 23, 22, 20, 24, 19, 28, 21, 21, 21, 24, 23, 21, 18, 20, 25, 14, 16, 18, 23, 18, 18, 28, 12, 23, 19, 16, 27, 14, 21, 29, 31, 26, 20, 23, 19, 16, 27, 21.76, 4.65392, 
, 3, 1, 0, 0, 0, 0, 1, 0, 0, 1, 1, 1, 0, 1, 0, 1, 1, 0, 2, 2, 1, 0, 3, 0, 1, 1, 0, 0, 0, 0, 0, 1, 1, 1, 0, 0, 0, 0, 0, 0, 0, 0, 1, 2, 0, 0, 1, 0, 2, 0, 0, 1, 0, 1, 1, 0, 0, 1, 1, 2, 0, 2, 0, 0, 0, 0, 0, 0, 0, 2, 1, 0, 0, 0, 0, 1, 0, 1, 1, 0, 1, 0, 0, 3, 0, 1, 1, 0, 0, 0, 1, 0, 1, 0, 1, 2, 0, 1, 0, 1, 2, 0.57, 0.742028, 
, 4, 3, 1, 4, 0, 1, 3, 4, 3, 1, 2, 3, 3, 2, 0, 1, 1, 4, 0, 1, 4, 0, 4, 1, 3, 2, 6, 7, 4, 1, 4, 2, 4, 1, 3, 2, 1, 3, 3, 2, 3, 2, 2, 3, 2, 0, 3, 2, 1, 4, 3, 4, 2, 1, 4, 0, 0, 1, 3, 2, 5, 2, 2, 2, 2, 4, 3, 4, 4, 2, 4, 2, 6, 0, 3, 2, 5, 5, 3, 2, 0, 2, 2, 2, 2, 2, 2, 1, 2, 2, 3, 1, 2, 0, 3, 0, 4, 5, 1, 0, 1, 2.35, 1.52007, 
, 5, 7, 7, 9, 12, 7, 9, 10, 13, 7, 7, 11, 4, 12, 7, 12, 9, 2, 7, 8, 10, 12, 3, 12, 9, 8, 10, 9, 14, 8, 9, 2, 15, 6, 10, 11, 6, 9, 10, 6, 7, 4, 11, 7, 4, 11, 6, 14, 7, 14, 14, 6, 11, 10, 11, 5, 12, 8, 5, 10, 12, 16, 12, 10, 10, 13, 10, 9, 7, 10, 10, 7, 10, 8, 6, 5, 6, 6, 10, 17, 11, 10, 6, 7, 11, 7, 5, 10, 11, 7, 11, 8, 12, 13, 10, 7, 10, 6, 12, 8, 5, 8.97, 3.00658, 
, 6, 6, 8, 8, 9, 9, 4, 8, 9, 3, 10, 6, 8, 8, 8, 10, 10, 7, 12, 9, 6, 7, 11, 6, 7, 7, 6, 10, 11, 12, 8, 9, 4, 6, 7, 7, 9, 7, 10, 13, 11, 10, 9, 9, 7, 7, 3, 13, 12, 12, 14, 10, 11, 6, 8, 8, 15, 13, 4, 9, 13, 10, 7, 6, 5, 9, 8, 5, 8, 10, 6, 11, 7, 7, 8, 6, 8, 3, 14, 9, 9, 12, 8, 10, 6, 11, 11, 8, 7, 10, 9, 4, 6, 9, 7, 8, 3, 4, 12, 7, 5, 8.32, 2.65482, 
, 7, 23, 18, 6, 21, 11, 12, 24, 17, 13, 20, 17, 11, 19, 20, 18, 15, 14, 19, 19, 13, 22, 20, 18, 17, 10, 16, 18, 14, 24, 21, 21, 20, 22, 12, 13, 16, 19, 19, 9, 19, 20, 15, 18, 16, 29, 23, 17, 22, 16, 12, 18, 25, 12, 13, 20, 11, 23, 11, 16, 17, 16, 15, 15, 15, 18, 18, 17, 13, 28, 27, 18, 22, 21, 24, 12, 19, 18, 16, 13, 13, 17, 20, 29, 20, 21, 17, 19, 19, 9, 23, 18, 22, 22, 15, 16, 24, 19, 15, 15, 14, 17.66, 4.45906, 
, 8, 5, 8, 5, 6, 7, 4, 12, 5, 10, 6, 5, 5, 7, 6, 1, 6, 9, 4, 5, 7, 11, 4, 3, 8, 3, 6, 6, 7, 4, 4, 16, 9, 5, 4, 8, 1, 3, 6, 9, 5, 10, 4, 7, 9, 4, 7, 4, 10, 5, 6, 7, 6, 6, 9, 10, 8, 7, 4, 5, 8, 4, 8, 6, 15, 2, 10, 5, 6, 3, 8, 6, 6, 7, 6, 4, 4, 3, 3, 5, 2, 9, 3, 8, 6, 7, 7, 5, 8, 4, 7, 5, 5, 6, 7, 4, 6, 10, 6, 4, 9, 6.2, 2.60148, 


Number Out, 0, 26, 28, 39, 37, 31, 33, 39, 22, 36, 35, 29, 22, 40, 34, 28, 21, 32, 37, 28, 39, 34, 23, 31, 33, 32, 35, 26, 29, 30, 30, 34, 39, 30, 35, 40, 33, 33, 29, 29, 33, 29, 30, 22, 30, 32, 43, 47, 29, 33, 27, 24, 33, 33, 33, 36, 30, 26, 30, 27, 39, 36, 28, 20, 25, 31, 21, 30, 34, 33, 19, 23, 38, 31, 32, 30, 30, 35, 30, 35, 26, 30, 42, 38, 36, 31, 35, 32, 31, 28, 30, 50, 28, 44, 39, 39, 41, 37, 31, 37, 34, 32.07, 5.78967, 
, 1, 0, 0, 0, 1, 0, 0, 0, 0, 0, 0, 0, 0, 0, 1, 0, 0, 0, 1, 1, 0, 0, 0, 0, 0, 1, 0, 2, 0, 0, 0, 0, 0, 0, 0, 0, 0, 0, 0, 0, 0, 0, 0, 0, 0, 0, 1, 0, 0, 1, 0, 0, 0, 1, 0, 1, 0, 1, 0, 0, 1, 2, 0, 1, 0, 0, 1, 0, 0, 1, 1, 0, 1, 0, 0, 0, 1, 0, 0, 1, 0, 0, 0, 0, 0, 0, 1, 1, 0, 2, 1, 1, 0, 0, 0, 0, 0, 0, 1, 0, 0, 0.29, 0.518253, 
, 2, 23, 14, 31, 19, 18, 29, 21, 19, 20, 21, 24, 12, 21, 13, 20, 20, 22, 23, 23, 23, 19, 23, 21, 30, 20, 20, 26, 28, 15, 22, 20, 20, 21, 19, 16, 22, 27, 22, 13, 16, 15, 24, 20, 23, 16, 14, 24, 23, 26, 30, 27, 20, 14, 23, 20, 18, 27, 18, 27, 25, 18, 11, 17, 23, 19, 11, 22, 16, 26, 21, 18, 19, 22, 20, 20, 18, 16, 23, 14, 16, 16, 20, 17, 16, 24, 10, 19, 18, 16, 25, 13, 17, 27, 30, 25, 19, 22, 18, 16, 26, 20.34, 4.60614, 
, 3, 1, 0, 0, 0, 0, 1, 0, 0, 1, 1, 1, 0, 1, 0, 1, 1, 0, 2, 2, 1, 0, 3, 0, 1, 0, 0, 0, 0, 0, 0, 0, 1, 1, 0, 0, 0, 0, 0, 0, 0, 0, 1, 2, 0, 0, 1, 0, 2, 0, 0, 1, 0, 1, 1, 0, 0, 1, 1, 2, 0, 2, 0, 0, 0, 0, 0, 0, 0, 1, 1, 0, 0, 0, 0, 1, 0, 1, 1, 0, 1, 0, 0, 2, 0, 1, 1, 0, 0, 0, 0, 0, 1, 0, 1, 2, 0, 1, 0, 1, 1, 0.51, 0.688946, 
, 4, 3, 1, 4, 0, 1, 3, 4, 3, 1, 2, 3, 3, 2, 0, 1, 1, 4, 0, 1, 4, 0, 4, 1, 3, 2, 6, 7, 4, 1, 4, 2, 4, 1, 3, 2, 1, 3, 3, 2, 3, 2, 2, 3, 2, 0, 3, 2, 1, 4, 3, 4, 2, 1, 4, 0, 0, 1, 3, 2, 5, 2, 2, 2, 2, 4, 3, 4, 4, 2, 4, 2, 6, 0, 3, 2, 5, 5, 3, 2, 0, 2, 2, 2, 2, 2, 2, 1, 2, 2, 3, 1, 2, 0, 3, 0, 4, 5, 1, 0, 1, 2.35, 1.52007, 
, 5, 7, 7, 8, 11, 7, 9, 10, 13, 7, 7, 10, 4, 12, 7, 12, 8, 2, 7, 8, 10, 12, 3, 11, 9, 8, 9, 9, 12, 8, 9, 2, 14, 6, 10, 11, 6, 9, 10, 6, 7, 4, 11, 7, 4, 11, 6, 14, 7, 12, 13, 6, 11, 10, 11, 5, 12, 8, 5, 10, 11, 16, 12, 10, 10, 12, 10, 9, 7, 10, 10, 7, 10, 8, 6, 5, 5, 6, 10, 17, 11, 10, 6, 7, 11, 7, 4, 9, 11, 6, 11, 8, 12, 13, 10, 7, 10, 6, 12, 8, 5, 8.79, 2.90348, 
, 6, 6, 8, 8, 9, 9, 4, 8, 9, 3, 10, 6, 8, 8, 8, 10, 10, 7, 12, 9, 6, 7, 11, 6, 7, 7, 6, 10, 11, 12, 8, 9, 4, 6, 7, 7, 9, 7, 10, 13, 11, 10, 9, 9, 7, 7, 3, 13, 12, 12, 14, 10, 11, 6, 8, 8, 15, 13, 4, 9, 13, 10, 7, 6, 5, 9, 8, 5, 8, 10, 6, 11, 7, 7, 8, 6, 8, 3, 14, 9, 9, 12, 8, 10, 6, 11, 11, 8, 7, 10, 9, 4, 6, 9, 7, 8, 3, 4, 12, 7, 5, 8.32, 2.65482, 
, 7, 23, 18, 6, 21, 11, 12, 24, 17, 13, 20, 17, 9, 19, 20, 17, 15, 14, 19, 19, 13, 22, 20, 18, 17, 10, 16, 18, 14, 24, 21, 21, 20, 22, 12, 13, 16, 19, 19, 9, 19, 20, 15, 18, 16, 29, 23, 17, 22, 16, 12, 18, 25, 12, 13, 20, 11, 23, 11, 16, 17, 16, 15, 15, 15, 18, 16, 17, 13, 28, 27, 18, 22, 21, 24, 12, 19, 18, 16, 13, 13, 17, 20, 29, 20, 21, 17, 19, 19, 9, 23, 18, 21, 22, 15, 16, 24, 19, 15, 15, 14, 17.6, 4.48792, 
, 8, 5, 8, 5, 6, 7, 4, 12, 5, 10, 6, 5, 5, 7, 6, 1, 6, 9, 4, 5, 7, 11, 4, 3, 7, 3, 5, 6, 7, 4, 4, 16, 9, 5, 4, 8, 1, 3, 6, 9, 5, 10, 4, 7, 9, 4, 7, 4, 10, 5, 5, 7, 6, 6, 9, 10, 8, 6, 4, 5, 8, 4, 8, 6, 15, 2, 10, 5, 6, 3, 8, 6, 6, 7, 6, 3, 4, 3, 3, 5, 2, 9, 3, 8, 6, 7, 7, 5, 8, 4, 7, 5, 5, 6, 7, 4, 6, 9, 6, 4, 9, 6.14, 2.59767, 


Number Expired, 0, 0, 0, 0, 0, 0, 0, 0, 0, 0, 0, 0, 0, 0, 0, 0, 0, 1, 0, 0, 0, 0, 0, 0, 0, 0, 0, 3, 0, 0, 0, 0, 0, 0, 0, 0, 0, 0, 0, 0, 0, 0, 0, 0, 0, 0, 1, 0, 0, 1, 0, 0, 0, 0, 0, 2, 0, 0, 0, 0, 1, 0, 0, 0, 0, 0, 0, 0, 0, 0, 0, 0, 0, 0, 0, 1, 0, 0, 0, 0, 0, 0, 0, 0, 0, 0, 0, 0, 0, 0, 0, 0, 0, 0, 0, 0, 0, 0, 0, 0, 0, 0.1, 0.414388, 
, 1, 0, 0, 0, 0, 0, 0, 0, 1, 0, 0, 0, 0, 0, 0, 0, 0, 0, 0, 0, 0, 0, 0, 0, 0, 0, 0, 0, 0, 0, 0, 0, 0, 0, 0, 0, 0, 0, 0, 0, 0, 0, 0, 0, 0, 0, 0, 0, 0, 0, 0, 0, 0, 0, 0, 0, 0, 0, 0, 0, 0, 0, 0, 0, 0, 0, 0, 0, 0, 0, 0, 0, 0, 0, 0, 0, 0, 0, 0, 0, 0, 0, 0, 0, 0, 0, 0, 0, 0, 0, 0, 0, 0, 0, 0, 0, 0, 0, 0, 0, 0, 0.01, 0.1, 
, 2, 0, 0, 0, 0, 0, 0, 0, 0, 0, 0, 0, 0, 0, 0, 0, 0, 0, 0, 0, 0, 0, 0, 0, 0, 0, 0, 0, 0, 0, 0, 0, 0, 0, 0, 0, 0, 0, 0, 0, 0, 0, 0, 0, 0, 0, 0, 0, 0, 0, 0, 0, 0, 0, 0, 0, 0, 0, 0, 0, 0, 0, 0, 0, 0, 0, 0, 0, 0, 0, 0, 0, 0, 0, 0, 0, 0, 0, 0, 0, 0, 0, 0, 0, 0, 0, 0, 0, 0, 0, 0, 0, 0, 0, 0, 0, 0, 0, 0, 0, 0, 0, 0, 
, 3, 0, 0, 0, 0, 0, 0, 0, 0, 0, 0, 0, 0, 0, 0, 0, 0, 0, 0, 0, 0, 0, 0, 0, 0, 0, 0, 0, 0, 0, 0, 0, 0, 0, 0, 0, 0, 0, 0, 0, 0, 0, 0, 0, 0, 0, 0, 0, 0, 0, 0, 0, 0, 0, 0, 0, 0, 0, 0, 0, 0, 0, 0, 0, 0, 0, 0, 0, 0, 0, 0, 0, 0, 0, 0, 0, 0, 0, 0, 0, 0, 0, 0, 0, 0, 0, 0, 0, 0, 0, 0, 0, 0, 0, 0, 0, 0, 0, 0, 0, 0, 0, 0, 
, 4, 0, 0, 0, 0, 0, 0, 0, 0, 0, 0, 0, 0, 0, 0, 0, 0, 0, 0, 0, 0, 0, 0, 0, 0, 0, 0, 0, 0, 0, 0, 0, 0, 0, 0, 0, 0, 0, 0, 0, 0, 0, 0, 0, 0, 0, 0, 0, 0, 0, 0, 0, 0, 0, 0, 0, 0, 0, 0, 0, 0, 0, 0, 0, 0, 0, 0, 0, 0, 0, 0, 0, 0, 0, 0, 0, 0, 0, 0, 0, 0, 0, 0, 0, 0, 0, 0, 0, 0, 0, 0, 0, 0, 0, 0, 0, 0, 0, 0, 0, 0, 0, 0, 
, 5, 0, 0, 1, 0, 0, 0, 0, 0, 0, 0, 0, 0, 0, 0, 0, 0, 0, 0, 0, 0, 0, 0, 1, 0, 0, 1, 0, 1, 0, 0, 0, 1, 0, 0, 0, 0, 0, 0, 0, 0, 0, 0, 0, 0, 0, 0, 0, 0, 2, 1, 0, 0, 0, 0, 0, 0, 0, 0, 0, 1, 0, 0, 0, 0, 1, 0, 0, 0, 0, 0, 0, 0, 0, 0, 0, 0, 0, 0, 0, 0, 0, 0, 0, 0, 0, 0, 1, 0, 0, 0, 0, 0, 0, 0, 0, 0, 0, 0, 0, 0, 0.11, 0.345096, 
, 6, 0, 0, 0, 0, 0, 0, 0, 0, 0, 0, 0, 0, 0, 0, 0, 0, 0, 0, 0, 0, 0, 0, 0, 0, 0, 0, 0, 0, 0, 0, 0, 0, 0, 0, 0, 0, 0, 0, 0, 0, 0, 0, 0, 0, 0, 0, 0, 0, 0, 0, 0, 0, 0, 0, 0, 0, 0, 0, 0, 0, 0, 0, 0, 0, 0, 0, 0, 0, 0, 0, 0, 0, 0, 0, 0, 0, 0, 0, 0, 0, 0, 0, 0, 0, 0, 0, 0, 0, 0, 0, 0, 0, 0, 0, 0, 0, 0, 0, 0, 0, 0, 0, 
, 7, 0, 0, 0, 0, 0, 0, 0, 0, 0, 0, 0, 0, 0, 0, 0, 0, 0, 0, 0, 0, 0, 0, 0, 0, 0, 0, 0, 0, 0, 0, 0, 0, 0, 0, 0, 0, 0, 0, 0, 0, 0, 0, 0, 0, 0, 0, 0, 0, 0, 0, 0, 0, 0, 0, 0, 0, 0, 0, 0, 0, 0, 0, 0, 0, 0, 0, 0, 0, 0, 0, 0, 0, 0, 0, 0, 0, 0, 0, 0, 0, 0, 0, 0, 0, 0, 0, 0, 0, 0, 0, 0, 0, 0, 0, 0, 0, 0, 0, 0, 0, 0, 0, 
, 8, 0, 0, 0, 0, 0, 0, 0, 0, 0, 0, 0, 0, 0, 0, 0, 0, 0, 0, 0, 0, 0, 0, 0, 0, 0, 0, 0, 0, 0, 0, 0, 0, 0, 0, 0, 0, 0, 0, 0, 0, 0, 0, 0, 0, 0, 0, 0, 0, 0, 0, 0, 0, 0, 0, 0, 0, 0, 0, 0, 0, 0, 0, 0, 0, 0, 0, 0, 0, 0, 0, 0, 0, 0, 0, 0, 0, 0, 0, 0, 0, 0, 0, 0, 0, 0, 0, 0, 0, 0, 0, 0, 0, 0, 0, 0, 0, 0, 0, 0, 0, 0, 0, 



Statistic Type, Time (min), Rep 0, Rep 1, Rep 2, Rep 3, Rep 4, Rep 5, Rep 6, Rep 7, Rep 8, Rep 9, Rep 10, Rep 11, Rep 12, Rep 13, Rep 14, Rep 15, Rep 16, Rep 17, Rep 18, Rep 19, Rep 20, Rep 21, Rep 22, Rep 23, Rep 24, Rep 25, Rep 26, Rep 27, Rep 28, Rep 29, Rep 30, Rep 31, Rep 32, Rep 33, Rep 34, Rep 35, Rep 36, Rep 37, Rep 38, Rep 39, Rep 40, Rep 41, Rep 42, Rep 43, Rep 44, Rep 45, Rep 46, Rep 47, Rep 48, Rep 49, Rep 50, Rep 51, Rep 52, Rep 53, Rep 54, Rep 55, Rep 56, Rep 57, Rep 58, Rep 59, Rep 60, Rep 61, Rep 62, Rep 63, Rep 64, Rep 65, Rep 66, Rep 67, Rep 68, Rep 69, Rep 70, Rep 71, Rep 72, Rep 73, Rep 74, Rep 75, Rep 76, Rep 77, Rep 78, Rep 79, Rep 80, Rep 81, Rep 82, Rep 83, Rep 84, Rep 85, Rep 86, Rep 87, Rep 88, Rep 89, Rep 90, Rep 91, Rep 92, Rep 93, Rep 94, Rep 95, Rep 96, Rep 97, Rep 98, Rep 99, Mean, Std Dev
Utilization, 0, 0.311496, 0.285297, 0.311655, 0.3167, 0.279682, 0.478114, 0.486073, 0.295736, 0.330496, 0.300506, 0.311918, 0.347447, 0.375703, 0.23544, 0.347352, 0.640488, 0.241523, 0.391052, 0.325959, 0.478159, 0.359025, 0.456546, 0.245488, 0.578516, 0.233165, 0.36865, 0.343563, 0.408769, 0.267424, 0.339781, 0.324449, 0.457922, 0.19583, 0.384078, 0.502225, 0.288606, 0.484107, 0.392308, 0.346646, 0.238943, 0.309618, 0.473277, 0.349998, 0.304657, 0.2382, 0.315954, 0.551745, 0.498297, 0.365169, 0.504679, 0.367132, 0.48772, 0.271194, 0.633763, 0.428962, 0.28182, 0.545793, 0.388712, 0.442131, 0.526556, 0.264858, 0.147384, 0.356945, 0.422856, 0.255413, 0.254747, 0.421142, 0.268894, 0.456671, 0.376427, 0.386391, 0.423772, 0.382734, 0.368467, 0.329627, 0.237406, 0.342698, 0.3877, 0.19371, 0.23928, 0.487281, 0.543481, 0.416483, 0.19271, 0.410974, 0.128698, 0.34033, 0.262172, 0.367369, 0.418304, 0.290007, 0.420265, 0.556917, 0.627013, 0.486244, 0.52646, 0.303134, 0.307974, 0.342748, 0.318725, 0.368566, 0.107735, 
, 30, 0.0836745, 0.0336693, 0.14842, 0.155554, 0.0447272, 0.104045, 0.134485, 0.0285615, 0.211473, 0.105731, 0.171019, 0.0506283, 0.11817, 0.0837779, 0.138882, 0.0188011, 0.049638, 0.343058, 0.360707, 0.120265, 0.118059, 0.127356, 0.121146, 0.143202, 0.0494684, 0.0980296, 0.141582, 0.0979832, 0.173975, 0.0619197, 0.115609, 0.108194, 0.0872585, 0.119759, 0.084019, 0.130446, 0.08352, 0.148503, 0.089784, 0.249554, 0.0728132, 0.048038, 0.102368, 0.06782, 0.0448229, 0.363525, 0.1296, 0.0549299, 0.148613, 0.0570432, 0.134628, 0.0809212, 0.129993, 0.064482, 0.240048, 0.068724, 0.0922011, 0.0470414, 0.135015, 0.220479, 0.219816, 0.0348637, 0.108358, 0.0648591, 0.0753796, 0.14866, 0.0489679, 0.0761798, 0.30003, 0.189584, 0.115499, 0.331211, 0.108451, 0.119635, 0.064984, 0.131518, 0.143687, 0.0668154, 0.118895, 0.156928, 0.129004, 0.0533725, 0.136487, 0.167011, 0.173027, 0.0887039, 0.118707, 0.13074, 0.0779239, 0.119017, 0.164137, 0.0852914, 0.169478, 0.113045, 0.246307, 0.0922343, 0.154802, 0.1139, 0.0819477, 0.102413, 0.122996, 0.0697609, 
, 60, 0.0247636, 0.0338872, 0.0816411, 0.0743418, 0.0678682, 0.0393611, 0.077847, 0.122031, 0.0724681, 0.179706, 0.0265533, 0.0635625, 0.0984245, 0.0831334, 0.0496445, 0.0640577, 0.115222, 0.0998564, 0.130042, 0.108824, 0.0663053, 0.194165, 0.117373, 0.145753, 0.213591, 0.068797, 0.497395, 0.119619, 0.0968307, 0.120995, 0.167457, 0.134512, 0.171777, 0.0465284, 0.0559968, 0.0336442, 0.0671611, 0.104501, 0.0385162, 0.0930269, 0.133539, 0.032813, 0.072492, 0.0194804, 0.187866, 0.103042, 0.130359, 0.0783721, 0.341539, 0.0632596, 0.152832, 0.0754776, 0.262137, 0.0950366, 0.157176, 0.0722338, 0.0488533, 0.0302678, 0.0957336, 0.0526092, 0.426744, 0.12585, 0.0694847, 0.0293596, 0.101316, 0.123272, 0.0863604, 0.0768387, 0.0915244, 0.0838894, 0.06235, 0.0933431, 0.118208, 0.0751776, 0.042676, 0.180502, 0.200984, 0.0735414, 0.0440404, 0.0714434, 0.172915, 0.102728, 0.0575846, 0.0544379, 0.0945093, 0.0363402, 0.0803382, 0.118598, 0.126824, 0.231901, 0.100304, 0.0525696, 0.196453, 0.158597, 0.0746541, 0.131626, 0.150121, 0.0261078, 0.0889285, 0.0556705, 0.106604, 0.0757141, 
, 90, 0.581578, 0.371684, 0.532661, 0.454312, 0.372016, 0.574992, 0.314944, 0.285226, 0.416407, 0.334264, 0.409969, 0.0267189, 0.454498, 0.354258, 0.410691, 0.176358, 0.493283, 0.370075, 0.313775, 0.273902, 0.353768, 0.417374, 0.396828, 0.35981, 0.314525, 0.446217, 0.50595, 0.539405, 0.311654, 0.278574, 0.363155, 0.374731, 0.504651, 0.405066, 0.316454, 0.527964, 0.530546, 0.258803, 0.151957, 0.210072, 0.36289, 0.42403, 0.475937, 0.519304, 0.347779, 0.284885, 0.474624, 0.35448, 0.454098, 0.584562, 0.350395, 0.401621, 0.310233, 0.290408, 0.252051, 0.309456, 0.563952, 0.339431, 0.458053, 0.303557, 0.266812, 0.219589, 0.23317, 0.310442, 0.474636, 0.0757759, 0.273614, 0.359667, 0.472336, 0.341976, 0.314329, 0.230299, 0.407119, 0.518618, 0.450134, 0.474378, 0.317917, 0.337038, 0.215618, 0.276814, 0.322966, 0.30051, 0.377566, 0.31042, 0.415782, 0.39014, 0.440355, 0.344689, 0.185604, 0.482203, 0.352633, 0.36411, 0.336826, 0.409187, 0.502709, 0.384009, 0.279797, 0.302537, 0.233876, 0.645705, 0.369028, 0.110647, 


Avg Service Time, 0, 2.60561, 3.25317, 5.85631, 5.1405, 5.24409, 3.76477, 6.1832, 3.50291, 4.55635, 3.99381, 2.58761, 2.83591, 4.91186, 5.35663, 4.53985, 2.27416, 3.20616, 5.95503, 3.62544, 4.72026, 5.33267, 3.26818, 5.22754, 4.87036, 3.58349, 3.93279, 3.62611, 4.49223, 4.96807, 3.68061, 4.72605, 5.46803, 3.59851, 4.64335, 6.40443, 3.32326, 4.65567, 5.87388, 3.00273, 3.34096, 3.83469, 3.07457, 2.83184, 4.43688, 4.42225, 7.29017, 6.36449, 4.26512, 4.56942, 3.66402, 3.49722, 4.7987, 4.85941, 4.72581, 4.36455, 4.75867, 2.96253, 3.10731, 2.99314, 5.01758, 3.97254, 3.01819, 2.99156, 2.60149, 3.96859, 2.34566, 3.60002, 3.60332, 4.30446, 2.46291, 3.39257, 4.20422, 4.86287, 4.52092, 3.20097, 3.87971, 5.01985, 3.40876, 3.20092, 3.06996, 3.76013, 5.25776, 5.0567, 4.63209, 5.24091, 5.62611, 5.30401, 2.75341, 3.29392, 3.44589, 6.82316, 4.03465, 4.62974, 4.81551, 6.57115, 6.51084, 4.49405, 2.93764, 3.29769, 5.44996, 4.23536, 1.11076, 
, 1, 0, 0, 0, 2.11332, 0, 0, 0, 0.368851, 0, 0, 0, 0, 0, 1.37191, 0, 0, 0, 5.04827, 4.60188, 0, 0, 0, 0, 0, 3.87787, 0, 15.6542, 0, 0, 0, 0, 0, 0, 0, 0, 0, 0, 0, 0, 0, 0, 0, 0, 0, 0, 6.71535, 0, 0, 5.70019, 0, 0, 0, 9.84893, 0, 7.2414, 0, 0.829979, 0, 0, 1.45585, 13.5373, 0, 1.90842, 0, 0, 3.22873, 0, 0, 2.55338, 1.69954, 0, 4.26675, 0, 0, 0, 3.79542, 0, 0, 0.446701, 0, 0, 0, 0, 0, 0, 1.72343, 0.822983, 0, 2.83691, 7.55061, 2.26597, 0, 0, 0, 0, 0, 0, 0.820923, 0, 0, 1.12285, 2.71743, 
, 2, 23.1746, 16.1607, 24.7123, 19.8535, 16.6568, 28.6705, 20.985, 15.5847, 24.0642, 20.3165, 22.2747, 9.98261, 23.265, 14.094, 21.4252, 22.329, 21.5563, 22.6792, 22.2472, 21.7134, 19.1636, 26.8593, 19.3596, 29.238, 13.9138, 21.7622, 21.5449, 27.4056, 16.9944, 17.4129, 21.5202, 22.1996, 23.0908, 21.4933, 20.0726, 24.3573, 27.588, 18.2707, 14.5252, 17.2058, 19.7876, 23.6113, 22.7797, 21.5317, 17.2898, 14.1438, 30.3224, 22.0834, 25.4857, 30.4741, 23.2431, 23.3241, 12.625, 24.6675, 18.5636, 15.4885, 29.5852, 18.6697, 27.7435, 22.8671, 14.7504, 9.84057, 15.9538, 20.6851, 20.2054, 10.2687, 18.7824, 17.7441, 27.8433, 21.2801, 19.476, 19.8162, 22.9511, 24.7863, 21.4646, 19.1712, 19.5727, 19.3236, 11.5567, 17.1588, 26.2362, 22.6111, 20.7505, 14.8927, 25.3223, 9.36964, 21.3305, 20.4784, 14.3604, 23.5784, 16.0939, 20.329, 30.8462, 31.5266, 30.0444, 23.4353, 18.0564, 17.3942, 17.8188, 24.5381, 20.8165, 4.88441, 
, 3, 0.922287, 0, 0, 0, 0, 0.599693, 0, 0, 0.997879, 0.350952, 0.422493, 0, 0.271446, 0, 0.48748, 0.825348, 0, 1.02567, 1.41546, 0.448792, 0, 1.60381, 0, 0.238815, 0.965073, 0, 0, 0, 0, 0, 0, 0.730301, 0.540123, 0, 0, 0, 0, 0, 0, 0, 0, 0.522911, 1.27116, 0, 0, 0.396835, 0, 0.792824, 0, 0, 0.388016, 0, 0.498955, 0.743065, 0, 0, 0.394615, 0.845627, 1.23628, 0, 1.69291, 0, 0, 0, 0, 0, 0, 0, 1.19137, 0.83947, 0, 0, 0, 0, 0.333229, 0, 0.668953, 0.260025, 0, 0.59034, 0, 0, 1.12177, 0, 0.26683, 0.208931, 0, 0, 0, 0, 0, 0.343109, 0, 0.316345, 0.688583, 0, 0.289558, 0, 0.189644, 1.55603, 0.29493, 0.438564, 
, 4, 1.10343, 0.386667, 1.50201, 0, 0.470875, 0.848648, 1.4385, 0.867805, 0.144875, 0.691219, 0.936312, 0.826038, 0.473793, 0, 0.290726, 0.233795, 0.951492, 0, 0.280807, 1.19351, 0, 1.31544, 0.359676, 0.843746, 0.637001, 1.80522, 2.12674, 1.48964, 0.129608, 1.42173, 0.526638, 1.55324, 0.162682, 0.738932, 0.618462, 0.34045, 0.934044, 0.853436, 0.597321, 0.8272, 0.500031, 0.414856, 0.955849, 0.450287, 0, 0.882782, 0.418411, 0.106472, 1.1288, 1.22285, 1.06726, 0.801697, 0.105957, 0.902294, 0, 0, 0.25108, 1.02703, 0.390888, 1.61217, 0.236675, 0.432884, 0.549709, 0.411615, 1.60904, 0.991108, 1.04902, 1.29397, 0.709095, 1.36722, 0.790104, 1.68296, 0, 1.0569, 0.323338, 1.47479, 1.42738, 0.64415, 0.464233, 0, 0.916092, 0.630882, 0.41148, 0.486996, 0.502872, 0.76733, 0.264984, 0.942017, 0.594742, 0.881969, 0.444328, 0.626469, 0, 1.09824, 0, 0.635315, 1.85653, 0.44186, 0, 0.460453, 0.706372, 0.503258, 
, 5, 0, 0.4076, 0, 0.409149, 0, 0, 0, 0, 0, 0, 0, 0, 0, 0, 0, 0, 0, 0, 0, 0, 0, 0, 0, 0, 0, 0.18758, 0, 0, 0, 0, 0, 0, 0, 0, 0, 0, 0, 0, 0, 0, 0, 0, 0, 0, 0, 0, 0, 0, 0.445053, 0, 0, 0, 0, 0, 0, 0.61697, 0, 0, 0, 0, 0.0718765, 0, 0.160522, 0, 0, 0, 0, 0, 0, 0, 0, 0, 0.0980759, 0, 0, 0, 0, 0, 0, 0, 0.444744, 0, 0, 0, 0, 0, 0, 0, 0, 0, 0, 0, 0, 0, 0, 0, 0, 0, 0, 0, 0.0284157, 0.105651, 
, 6, 0, 0, 0, 0, 0, 0.0494728, 0, 0.00823212, 0, 0, 0, 0, 0, 0.33934, 0, 0, 0, 0, 0, 0, 0, 0, 0, 0, 0.00811768, 0, 0, 0, 0, 0, 0, 0, 0, 0.230202, 0, 0, 0, 0, 0, 0, 0, 0, 0, 0, 0, 0, 0.081871, 0.125858, 0, 0, 0.408195, 0, 0, 0.135498, 0, 0, 0, 0, 0, 0, 0, 0, 0, 0, 0, 0, 0, 0, 0, 0, 0, 0, 0, 0, 0, 0, 0, 0.366596, 0, 0, 0, 0, 0, 0, 0.00987244, 0, 0, 0, 0, 0.126848, 0, 0, 0, 0, 0, 0, 0, 0, 0, 0, 0.018901, 0.0705754, 
, 7, 2.23945, 1.52794, 0.160671, 2.51078, 0.557027, 1.46509, 1.5505, 1.61414, 1.16207, 2.2537, 1.3627, 1.00614, 2.48176, 1.53641, 1.65383, 1.32882, 1.27603, 1.41301, 1.74367, 1.35856, 2.21227, 2.8165, 1.4782, 1.62755, 1.33708, 1.76306, 1.7027, 1.58582, 3.08477, 1.52288, 2.34722, 2.30957, 1.39343, 1.55713, 1.66536, 1.39883, 1.78227, 2.12546, 0.681818, 2.37388, 1.94386, 1.72105, 2.18527, 0.918989, 2.848, 2.59325, 1.40267, 2.20873, 1.9534, 0.925341, 1.5458, 2.44769, 1.26847, 1.17339, 2.17758, 1.10291, 3.50058, 0.513848, 1.24181, 2.14336, 1.08521, 2.53897, 1.47469, 1.12727, 1.41933, 1.23946, 1.47111, 0.805989, 3.01517, 2.10703, 2.69835, 2.38857, 2.58329, 2.02987, 0.799803, 2.39302, 2.68724, 1.94969, 1.46365, 1.51485, 2.00783, 1.50304, 2.30315, 1.72558, 1.48027, 1.62102, 1.66943, 1.51217, 1.6114, 1.95904, 1.58507, 2.3339, 2.31434, 1.47858, 1.93261, 3.44844, 1.93913, 0.920863, 1.11883, 1.67083, 1.75712, 0.625332, 
, 8, 0, 0, 0, 0, 0, 0.497139, 0.243309, 0, 0, 0, 0, 0, 0, 0, 0, 0, 0, 0, 0, 0, 0.206234, 0, 0, 0, 0, 0, 0, 0, 0.319649, 0, 0, 0, 0, 0, 0, 0, 0, 0, 0, 0, 0.29966, 0, 0, 0, 0, 0, 0, 0, 0, 0, 0, 0, 0, 0.163094, 0, 0, 0, 0, 0.322346, 0, 0, 0, 0, 0, 0, 0, 0, 0, 0, 0, 0, 0, 0, 0.0629807, 0.500622, 0, 0.782509, 0, 0.035675, 0, 0, 0, 0, 0, 0.00572968, 0, 0, 0, 0.0342865, 0, 0, 0, 0, 0, 0.0606613, 0, 0, 0, 0, 0, 0.0353389, 0.119745, 


Avg Wait Time, 0, 0.176252, 0.0714813, 0.458679, 0.520893, 0, 0.0134811, 0.685591, 0.661507, 0.216637, 0.48307, 0, 0.172882, 0.0887375, 0.569679, 0.528152, 0, 0.415958, 0.245972, 0, 0.224915, 0.705074, 0, 0.512684, 0.936234, 1.47148, 0.357868, 14.6545, 0.335779, 0.56649, 0.0738487, 0.0307541, 0.0668945, 0, 0.100212, 0.274994, 0.267319, 0.106556, 0.0381851, 0.0327034, 0.0265579, 0.362305, 0.20131, 0, 0.0786133, 0.271904, 12.3849, 0.653898, 0, 5.00878, 0, 0.0233803, 0.443747, 12.342, 0.349833, 7.62939, 0, 0, 0.498484, 0.446957, 1.0137, 2.42223, 0, 0.160522, 0, 0.304319, 4.40722, 0, 0.0993605, 0.0209045, 0, 0.105782, 3.18669, 0.0980759, 0.29121, 0.680043, 3.4202, 0.782509, 0, 0.0886049, 0.0116329, 0.802341, 0.0986938, 0.100128, 0.222466, 0.00572968, 3.36155, 1.35588, 0.0637856, 0.0342865, 0.356636, 0.310261, 0.205173, 0.0134964, 0.103448, 0.607157, 0.753433, 0.350475, 0.14999, 0, 0.663841, 0.934393, 2.44168, 
, 1, 0, 0, 0, 0, 0, 0, 0, 0.101006, 0, 0, 0, 0, 0, 0, 0, 0, 0, 0, 0, 0, 0, 0, 0, 0, 2.61406, 0, 0, 0, 0, 0, 0, 0, 0, 0, 0, 0, 0, 0, 0, 0, 0, 0, 0, 0, 0, 0, 0, 0, 0, 0, 0, 0, 0.105957, 0, 0, 0, 0, 0, 0, 0, 0.104095, 0, 0, 0, 0, 0.487606, 0, 0, 0, 0, 0, 0, 0, 0, 0, 0.297287, 0, 0, 0, 0, 0, 0, 0, 0, 0, 0, 0, 0, 0, 0, 0, 0, 0, 0, 0, 0, 0, 0, 0, 0, 0.0371001, 0.266933, 
, 2, 17.9898, 4.42606, 16.211, 17.9919, 6.36147, 22.9181, 7.08833, 4.25949, 11.9718, 2.05753, 6.43496, 0.0858335, 18.953, 1.47132, 2.94846, 16.4637, 12.0662, 5.55602, 10.6051, 26.7929, 7.3254, 7.01462, 3.93397, 7.50506, 2.43483, 9.80231, 5.6835, 11.7775, 3.89048, 2.09994, 5.39676, 8.26789, 10.8341, 1.76021, 32.5766, 5.1709, 17.3268, 10.7463, 6.98948, 2.41631, 3.33457, 18.1851, 12.5453, 10.0095, 3.72076, 23.1209, 9.75196, 22.6684, 31.8061, 9.84983, 1.8335, 17.1084, 4.31914, 17.2643, 28.6637, 23.7747, 10.5209, 3.40806, 11.948, 21.394, 8.67611, 0, 5.03591, 0.229959, 5.51859, 4.301, 6.88364, 1.93014, 5.83506, 9.89037, 17.7943, 5.48061, 23.4579, 11.0865, 8.28836, 11.5977, 9.36716, 6.40499, 7.06834, 3.76763, 26.4908, 7.06217, 10.1645, 8.29043, 16.8013, 9.28269, 13.7793, 11.6699, 2.57481, 9.58107, 1.02211, 21.4159, 16.6134, 16.2361, 9.05614, 17.0581, 3.06164, 3.16846, 8.44531, 7.63451, 10.3286, 7.48783, 
, 3, 0.535873, 0, 0, 0, 0, 2.80319, 0, 0, 0, 0.0547409, 3.89575, 0, 0.320312, 0, 1.35645, 0, 0, 3.48019, 0, 2.75816, 0, 3.10907, 0, 1.23896, 0.313805, 0, 0, 0, 0, 0, 0, 0, 1.17662, 0, 0, 0, 0, 0, 0, 0, 0, 0.40992, 0, 0, 0, 0.412773, 0, 0.637032, 0, 0, 0.0685654, 0, 1.10413, 0, 0, 0, 0, 0, 0.434891, 0, 2.15688, 0, 0, 0, 0, 0, 0, 0, 0, 0, 0, 0, 0, 0, 3.30629, 0, 0, 0.121689, 0, 0, 0, 0, 3.14126, 0, 0.26104, 0.0352325, 0, 0, 0, 0, 0, 0, 0, 0, 0.0679855, 0, 0.903343, 0, 0.0738297, 6.69465, 0.408726, 1.07451, 
, 4, 0, 0, 0, 0, 0, 0, 0.243309, 0, 0, 0, 0, 0, 0, 0, 0, 0, 0, 0, 0, 0, 0, 0, 0, 0, 0, 0, 0, 0, 0, 0, 0, 0, 0, 0, 0, 0, 0, 0, 0, 0, 0, 0, 0, 0, 0, 0, 0, 0, 0.0468178, 0, 0, 0, 0, 0, 0, 0, 0, 0, 0, 0, 0, 0, 0, 0, 0.466442, 0, 0, 0, 0, 0, 0, 0, 0, 0, 0, 0, 0, 0, 0, 0, 0, 0, 0, 0, 0, 0, 0, 0, 0, 0, 0, 0, 0, 0, 0, 0, 0, 0, 0, 0, 0.00756569, 0.0525353, 
, 5, 0, 0.142471, 0, 4.15272, 0, 0, 0, 0, 0, 0, 0, 0, 0, 0, 0, 0, 0, 0, 0, 0, 0, 0, 0, 0, 0, 0.953625, 0, 0, 0, 0, 0, 1.60603, 0, 0, 0, 0, 0, 0, 0, 0, 0, 0, 0, 0, 0, 0, 0, 0, 0, 0, 0, 0, 0, 0, 0, 0.52739, 0, 0, 0, 0, 5.24707, 0, 3.89497, 0, 0, 0, 0, 0, 0, 0, 0, 0, 0.736198, 0, 0, 0, 0, 0, 0, 0, 0.982986, 0, 0, 0, 0, 0, 0, 0, 0, 0, 0, 0, 0, 0, 0, 0, 0, 0, 0, 0, 0.182434, 0.790824, 
, 6, 0, 0, 0, 0, 0, 9.14944, 0, 4.13292, 0, 0, 0, 0, 0, 4.77292, 0, 0, 0, 0, 0, 0, 0, 0, 0, 0, 0.534817, 0, 0, 0, 0, 0, 0, 0, 0, 13.6321, 0, 0, 0, 0, 0, 0, 0, 0, 0, 0, 0, 0, 8.41411, 1.27125, 0, 0, 2.67207, 0, 0, 8.77342, 0, 0, 0, 0, 0, 0, 0, 0, 0, 0, 0, 0, 0, 0, 0, 0, 0, 0, 0, 0, 0, 0, 0, 10.5424, 0, 0, 0, 0, 0, 0, 0.955315, 0, 0, 0, 0, 0, 0, 0, 0, 0, 0, 0, 0, 0, 0, 0, 0.648507, 2.3273, 
, 7, 2.71825, 0.209005, 0.564514, 2.1159, 2.58647, 0.170521, 3.47946, 6.60261, 0.149295, 1.5934, 0.915678, 0, 0.629274, 1.67476, 0.11333, 0.0566521, 0.435671, 7.53816, 4.97653, 19.1345, 0.759663, 4.34385, 0, 3.21564, 0.163162, 0.746052, 6.94942, 1.36496, 0, 0.935139, 1.89394, 6.32758, 2.92753, 0.580956, 2.29053, 0.0884552, 1.0867, 11.126, 1.01158, 2.52836, 0.034256, 7.01517, 5.23173, 0, 0.45682, 28.2715, 12.5152, 9.77157, 11.9921, 2.02752, 0.408195, 13.1617, 0.908562, 9.22958, 61.4196, 0.0181198, 1.87406, 0.120571, 2.201, 1.96523, 42.4104, 0, 2.52342, 0.0148392, 0, 3.904, 0.0296326, 1.18688, 4.18517, 6.01636, 0.0785141, 2.58726, 2.35467, 0.763166, 0.112267, 1.03961, 2.66853, 36.9106, 6.54132, 13.3823, 9.5288, 5.01078, 36.5057, 0.135086, 4.06153, 0.012764, 3.46724, 4.41413, 1.12543, 43.4365, 3.27721, 1.36157, 1.69864, 14.2548, 4.80209, 6.21156, 15.6073, 0.615792, 0.874003, 0.285522, 5.56021, 10.2591, 
, 8, 0, 0, 0, 0, 0, 0.146301, 0.0380402, 0, 0, 0, 0, 0, 0, 0, 0, 0, 0, 0, 0, 0, 0.393291, 0, 0, 0, 0, 0, 0, 0, 1.69722, 0, 0, 0, 0, 0, 0, 0, 0, 0, 0, 0, 0, 0, 0, 0, 0, 0, 0, 0, 0, 0, 0, 0, 0, 0.716469, 0, 0, 0, 0, 1.63127, 0, 0, 0, 0, 0, 0, 0, 0, 0, 0, 0, 0, 0, 0, 1.46841, 2.70524, 0, 0.659401, 0, 0, 0, 0, 0, 0, 0, 0.89222, 0, 0, 0, 0.37027, 0, 0, 0, 0, 0, 0, 0, 0, 0, 0, 0, 0.107181, 0.401087, 


Number In, 0, 26, 28, 39, 37, 31, 33, 39, 22, 36, 35, 29, 29, 40, 34, 28, 21, 33, 37, 29, 39, 34, 23, 31, 33, 32, 36, 29, 29, 30, 30, 34, 39, 30, 35, 40, 33, 33, 30, 29, 33, 29, 30, 22, 30, 32, 44, 47, 29, 34, 27, 24, 33, 33, 33, 38, 30, 26, 30, 27, 40, 36, 28, 20, 25, 31, 26, 30, 34, 33, 19, 23, 38, 31, 32, 31, 30, 35, 30, 36, 26, 30, 42, 38, 36, 32, 35, 32, 31, 28, 30, 50, 28, 44, 39, 39, 41, 37, 31, 37, 35, 32.35, 5.65752, 
, 1, 0, 0, 0, 1, 0, 0, 0, 1, 0, 0, 0, 1, 0, 1, 0, 0, 0, 1, 1, 0, 0, 0, 0, 1, 1, 0, 2, 0, 0, 0, 0, 0, 0, 0, 0, 0, 0, 0, 0, 0, 0, 0, 0, 0, 0, 1, 0, 0, 1, 0, 0, 0, 1, 0, 1, 0, 1, 0, 0, 1, 2, 0, 1, 0, 0, 2, 0, 0, 1, 1, 0, 1, 0, 0, 0, 1, 0, 0, 1, 0, 0, 0, 0, 0, 0, 1, 1, 0, 2, 1, 1, 0, 0, 0, 0, 0, 0, 1, 0, 0, 0.33, 0.55149, 
, 2, 25, 15, 31, 20, 18, 29, 22, 19, 21, 21, 25, 22, 23, 13, 20, 20, 23, 23, 23, 24, 19, 26, 21, 36, 21, 20, 27, 28, 17, 22, 21, 25, 21, 19, 18, 23, 30, 23, 14, 18, 16, 25, 21, 23, 18, 16, 26, 23, 27, 30, 30, 21, 15, 23, 20, 20, 29, 18, 27, 27, 18, 11, 18, 23, 22, 20, 24, 19, 28, 21, 21, 21, 24, 23, 21, 18, 20, 25, 14, 16, 18, 23, 18, 18, 28, 12, 23, 19, 16, 27, 14, 21, 29, 31, 26, 20, 23, 19, 16, 27, 21.76, 4.65392, 
, 3, 1, 0, 0, 0, 0, 1, 0, 0, 1, 1, 1, 0, 1, 0, 1, 1, 0, 2, 2, 1, 0, 3, 0, 1, 1, 0, 0, 0, 0, 0, 1, 1, 1, 0, 0, 0, 0, 0, 0, 0, 0, 1, 2, 0, 0, 1, 0, 2, 0, 0, 1, 0, 1, 1, 0, 0, 1, 1, 2, 0, 2, 0, 0, 0, 0, 0, 0, 0, 2, 1, 0, 0, 0, 0, 1, 0, 1, 1, 0, 1, 0, 0, 3, 0, 1, 1, 0, 0, 0, 1, 0, 1, 0, 1, 2, 0, 1, 0, 1, 2, 0.57, 0.742028, 
, 4, 3, 1, 4, 0, 1, 3, 4, 3, 1, 2, 3, 3, 2, 0, 1, 1, 4, 0, 1, 4, 0, 4, 1, 3, 2, 6, 7, 4, 1, 4, 2, 4, 1, 3, 2, 1, 3, 3, 2, 3, 2, 2, 3, 2, 0, 3, 2, 1, 4, 3, 4, 2, 1, 4, 0, 0, 1, 3, 2, 5, 2, 2, 2, 2, 4, 3, 4, 4, 2, 4, 2, 6, 0, 3, 2, 5, 5, 3, 2, 0, 2, 2, 2, 2, 2, 2, 1, 2, 2, 3, 1, 2, 0, 3, 0, 4, 5, 1, 0, 1, 2.35, 1.52007, 
, 5, 0, 1, 0, 0, 0, 0, 0, 0, 0, 0, 0, 0, 0, 0, 0, 0, 0, 0, 0, 0, 0, 0, 0, 0, 0, 0, 0, 0, 0, 0, 0, 0, 0, 0, 0, 0, 0, 0, 0, 0, 0, 0, 0, 0, 0, 0, 0, 0, 1, 0, 0, 0, 0, 0, 0, 2, 0, 0, 0, 0, 0, 0, 0, 0, 0, 0, 0, 0, 0, 0, 0, 0, 0, 0, 0, 0, 0, 0, 0, 0, 0, 0, 0, 0, 0, 0, 0, 0, 0, 0, 0, 0, 0, 0, 0, 0, 0, 0, 0, 0, 0.04, 0.242878, 
, 6, 0, 0, 0, 0, 0, 0, 0, 0, 0, 0, 0, 0, 0, 0, 0, 0, 0, 0, 0, 0, 0, 0, 0, 0, 0, 0, 0, 0, 0, 0, 0, 0, 0, 0, 0, 0, 0, 0, 0, 0, 0, 0, 0, 0, 0, 0, 0, 0, 0, 0, 0, 0, 0, 1, 0, 0, 0, 0, 0, 0, 0, 0, 0, 0, 0, 0, 0, 0, 0, 0, 0, 0, 0, 0, 0, 0, 0, 2, 0, 0, 0, 0, 0, 0, 0, 0, 0, 0, 0, 1, 0, 0, 0, 0, 0, 0, 0, 0, 0, 0, 0.04, 0.242878, 
, 7, 23, 18, 6, 21, 11, 12, 24, 17, 13, 20, 17, 11, 19, 20, 18, 15, 14, 19, 19, 13, 22, 20, 18, 17, 10, 16, 18, 14, 24, 21, 21, 20, 22, 12, 13, 16, 19, 19, 9, 19, 20, 15, 18, 16, 29, 23, 17, 22, 16, 12, 18, 25, 12, 13, 20, 11, 23, 11, 16, 17, 16, 15, 15, 15, 18, 18, 17, 13, 28, 27, 18, 22, 21, 24, 12, 19, 18, 16, 13, 13, 17, 20, 29, 20, 21, 17, 19, 19, 9, 23, 18, 22, 22, 15, 16, 24, 19, 15, 15, 14, 17.66, 4.45906, 
, 8, 0, 0, 0, 0, 0, 2, 0, 0, 0, 0, 0, 0, 0, 0, 0, 0, 0, 0, 0, 0, 0, 0, 0, 0, 0, 0, 0, 0, 0, 0, 0, 0, 0, 0, 0, 0, 0, 0, 0, 0, 1, 0, 0, 0, 0, 0, 0, 0, 0, 0, 0, 0, 0, 0, 0, 0, 0, 0, 0, 0, 0, 0, 0, 0, 0, 0, 0, 0, 0, 0, 0, 0, 0, 0, 0, 0, 0, 0, 1, 0, 0, 0, 0, 0, 0, 0, 0, 0, 0, 0, 0, 0, 0, 0, 1, 0, 0, 0, 0, 0, 0.05, 0.261117, 


Number Out, 0, 26, 28, 39, 37, 30, 33, 39, 22, 36, 35, 29, 22, 40, 34, 28, 21, 32, 37, 28, 39, 34, 23, 31, 33, 32, 35, 26, 29, 30, 30, 34, 39, 30, 35, 40, 33, 33, 29, 29, 33, 29, 30, 22, 30, 32, 43, 47, 29, 33, 27, 24, 33, 33, 33, 36, 30, 26, 30, 27, 39, 36, 28, 20, 25, 31, 21, 30, 34, 33, 19, 23, 38, 31, 32, 30, 30, 35, 30, 35, 26, 30, 42, 38, 36, 31, 35, 32, 31, 28, 30, 50, 28, 44, 39, 39, 41, 37, 31, 37, 34, 32.06, 5.7924, 
, 1, 0, 0, 0, 1, 0, 0, 0, 0, 0, 0, 0, 0, 0, 1, 0, 0, 0, 1, 1, 0, 0, 0, 0, 0, 1, 0, 2, 0, 0, 0, 0, 0, 0, 0, 0, 0, 0, 0, 0, 0, 0, 0, 0, 0, 0, 1, 0, 0, 1, 0, 0, 0, 1, 0, 1, 0, 1, 0, 0, 1, 2, 0, 1, 0, 0, 1, 0, 0, 1, 1, 0, 1, 0, 0, 0, 1, 0, 0, 1, 0, 0, 0, 0, 0, 0, 1, 1, 0, 2, 1, 1, 0, 0, 0, 0, 0, 0, 1, 0, 0, 0.29, 0.518253, 
, 2, 23, 13, 26, 17, 16, 26, 20, 18, 19, 19, 21, 10, 19, 10, 19, 18, 19, 20, 21, 23, 18, 23, 19, 28, 18, 16, 21, 25, 15, 19, 20, 18, 21, 19, 16, 19, 25, 20, 11, 16, 13, 23, 20, 19, 13, 13, 24, 20, 22, 21, 27, 19, 13, 21, 19, 15, 22, 16, 23, 20, 18, 9, 17, 20, 18, 11, 20, 15, 23, 20, 17, 19, 21, 19, 19, 18, 16, 20, 14, 14, 14, 18, 17, 13, 24, 9, 19, 15, 16, 24, 12, 16, 25, 24, 21, 18, 19, 16, 15, 22, 18.52, 4.0339, 
, 3, 1, 0, 0, 0, 0, 1, 0, 0, 1, 1, 1, 0, 1, 0, 1, 1, 0, 2, 2, 1, 0, 3, 0, 1, 0, 0, 0, 0, 0, 0, 0, 1, 1, 0, 0, 0, 0, 0, 0, 0, 0, 1, 2, 0, 0, 1, 0, 2, 0, 0, 1, 0, 1, 1, 0, 0, 1, 1, 2, 0, 2, 0, 0, 0, 0, 0, 0, 0, 1, 1, 0, 0, 0, 0, 1, 0, 1, 1, 0, 1, 0, 0, 2, 0, 1, 1, 0, 0, 0, 0, 0, 1, 0, 1, 2, 0, 1, 0, 1, 1, 0.51, 0.688946, 
, 4, 3, 1, 4, 0, 1, 3, 4, 3, 1, 2, 3, 3, 2, 0, 1, 1, 4, 0, 1, 4, 0, 4, 1, 3, 2, 6, 7, 4, 1, 4, 2, 4, 1, 3, 2, 1, 3, 3, 2, 3, 2, 2, 3, 2, 0, 3, 2, 1, 4, 3, 4, 2, 1, 4, 0, 0, 1, 3, 2, 5, 2, 2, 2, 2, 4, 3, 4, 4, 2, 4, 2, 6, 0, 3, 2, 5, 5, 3, 2, 0, 2, 2, 2, 2, 2, 2, 1, 2, 2, 3, 1, 2, 0, 3, 0, 4, 5, 1, 0, 1, 2.35, 1.52007, 
, 5, 0, 1, 0, 2, 0, 0, 0, 0, 0, 0, 0, 0, 0, 0, 0, 0, 0, 0, 0, 0, 0, 0, 0, 0, 0, 1, 0, 0, 0, 0, 0, 0, 0, 0, 0, 0, 0, 0, 0, 0, 0, 0, 0, 0, 0, 0, 0, 0, 1, 0, 0, 0, 0, 0, 0, 2, 0, 0, 0, 0, 1, 0, 1, 0, 0, 0, 0, 0, 0, 0, 0, 0, 1, 0, 0, 0, 0, 0, 0, 0, 2, 0, 0, 0, 0, 0, 0, 0, 0, 0, 0, 0, 0, 0, 0, 0, 0, 0, 0, 0, 0.12, 0.40899, 
, 6, 0, 0, 0, 0, 0, 1, 0, 1, 0, 0, 0, 0, 0, 1, 0, 0, 0, 0, 0, 0, 0, 0, 0, 0, 1, 0, 0, 0, 0, 0, 0, 0, 0, 1, 0, 0, 0, 0, 0, 0, 0, 0, 0, 0, 0, 0, 1, 1, 0, 0, 2, 0, 0, 2, 0, 0, 0, 0, 0, 0, 0, 0, 0, 0, 0, 0, 0, 0, 0, 0, 0, 0, 0, 0, 0, 0, 0, 4, 0, 0, 0, 0, 0, 0, 1, 0, 0, 0, 0, 1, 0, 0, 0, 0, 0, 0, 0, 0, 0, 0, 0.17, 0.55149, 
, 7, 23, 18, 6, 21, 11, 12, 24, 17, 12, 20, 17, 9, 19, 20, 17, 15, 14, 18, 19, 13, 22, 20, 18, 15, 10, 16, 18, 14, 24, 21, 21, 20, 22, 12, 13, 16, 19, 19, 9, 19, 20, 15, 18, 16, 29, 23, 16, 22, 16, 12, 18, 23, 12, 12, 20, 11, 23, 11, 16, 17, 15, 14, 15, 15, 17, 15, 17, 13, 28, 27, 18, 22, 21, 24, 12, 19, 18, 16, 13, 13, 17, 20, 28, 20, 21, 17, 19, 19, 9, 23, 18, 21, 22, 15, 16, 24, 19, 15, 15, 14, 17.47, 4.47993, 
, 8, 0, 0, 0, 0, 0, 2, 1, 0, 0, 0, 0, 0, 0, 0, 0, 0, 0, 0, 0, 0, 1, 0, 0, 0, 0, 0, 0, 0, 1, 0, 0, 0, 0, 0, 0, 0, 0, 0, 0, 0, 1, 0, 0, 0, 0, 0, 0, 0, 0, 0, 0, 0, 0, 1, 0, 0, 0, 0, 1, 0, 0, 0, 0, 0, 0, 0, 0, 0, 0, 0, 0, 0, 0, 1, 1, 0, 1, 0, 1, 0, 0, 0, 0, 0, 1, 0, 0, 0, 1, 0, 0, 0, 0, 0, 1, 0, 0, 0, 0, 0, 0.15, 0.385992, 


Number Expired, 0, 0, 0, 0, 0, 0, 0, 0, 0, 0, 0, 0, 0, 0, 0, 0, 0, 1, 0, 0, 0, 0, 0, 0, 0, 0, 0, 3, 0, 0, 0, 0, 0, 0, 0, 0, 0, 0, 0, 0, 0, 0, 0, 0, 0, 0, 1, 0, 0, 1, 0, 0, 0, 0, 0, 2, 0, 0, 0, 0, 1, 0, 0, 0, 0, 0, 0, 0, 0, 0, 0, 0, 0, 0, 0, 1, 0, 0, 0, 0, 0, 0, 0, 0, 0, 0, 0, 0, 0, 0, 0, 0, 0, 0, 0, 0, 0, 0, 0, 0, 0, 0.1, 0.414388, 
, 1, 0, 0, 0, 0, 0, 0, 0, 1, 0, 0, 0, 0, 0, 0, 0, 0, 0, 0, 0, 0, 0, 0, 0, 0, 0, 0, 0, 0, 0, 0, 0, 0, 0, 0, 0, 0, 0, 0, 0, 0, 0, 0, 0, 0, 0, 0, 0, 0, 0, 0, 0, 0, 0, 0, 0, 0, 0, 0, 0, 0, 0, 0, 0, 0, 0, 0, 0, 0, 0, 0, 0, 0, 0, 0, 0, 0, 0, 0, 0, 0, 0, 0, 0, 0, 0, 0, 0, 0, 0, 0, 0, 0, 0, 0, 0, 0, 0, 0, 0, 0, 0.01, 0.1, 
, 2, 0, 0, 0, 0, 0, 0, 0, 0, 0, 0, 0, 0, 0, 0, 0, 0, 0, 0, 0, 0, 0, 0, 0, 0, 0, 0, 0, 0, 0, 0, 0, 0, 0, 0, 0, 0, 0, 0, 0, 0, 0, 0, 0, 0, 0, 0, 0, 0, 0, 0, 0, 0, 0, 0, 0, 0, 0, 0, 0, 0, 0, 0, 0, 0, 0, 0, 0, 0, 0, 0, 0, 0, 0, 0, 0, 0, 0, 0, 0, 0, 0, 0, 0, 0, 0, 0, 0, 0, 0, 0, 0, 0, 0, 0, 0, 0, 0, 0, 0, 0, 0, 0, 
, 3, 0, 0, 0, 0, 0, 0, 0, 0, 0, 0, 0, 0, 0, 0, 0, 0, 0, 0, 0, 0, 0, 0, 0, 0, 0, 0, 0, 0, 0, 0, 0, 0, 0, 0, 0, 0, 0, 0, 0, 0, 0, 0, 0, 0, 0, 0, 0, 0, 0, 0, 0, 0, 0, 0, 0, 0, 0, 0, 0, 0, 0, 0, 0, 0, 0, 0, 0, 0, 0, 0, 0, 0, 0, 0, 0, 0, 0, 0, 0, 0, 0, 0, 0, 0, 0, 0, 0, 0, 0, 0, 0, 0, 0, 0, 0, 0, 0, 0, 0, 0, 0, 0, 
, 4, 0, 0, 0, 0, 0, 0, 0, 0, 0, 0, 0, 0, 0, 0, 0, 0, 0, 0, 0, 0, 0, 0, 0, 0, 0, 0, 0, 0, 0, 0, 0, 0, 0, 0, 0, 0, 0, 0, 0, 0, 0, 0, 0, 0, 0, 0, 0, 0, 0, 0, 0, 0, 0, 0, 0, 0, 0, 0, 0, 0, 0, 0, 0, 0, 0, 0, 0, 0, 0, 0, 0, 0, 0, 0, 0, 0, 0, 0, 0, 0, 0, 0, 0, 0, 0, 0, 0, 0, 0, 0, 0, 0, 0, 0, 0, 0, 0, 0, 0, 0, 0, 0, 
, 5, 0, 0, 0, 0, 0, 0, 0, 0, 0, 0, 0, 0, 0, 0, 0, 0, 0, 0, 0, 0, 0, 0, 0, 0, 0, 0, 0, 0, 0, 0, 0, 1, 0, 0, 0, 0, 0, 0, 0, 0, 0, 0, 0, 0, 0, 0, 0, 0, 0, 0, 0, 0, 0, 0, 0, 0, 0, 0, 0, 0, 0, 0, 0, 0, 0, 0, 0, 0, 0, 0, 0, 0, 0, 0, 0, 0, 0, 0, 0, 0, 0, 0, 0, 0, 0, 0, 0, 0, 0, 0, 0, 0, 0, 0, 0, 0, 0, 0, 0, 0, 0.01, 0.1, 
, 6, 0, 0, 0, 0, 0, 0, 0, 0, 0, 0, 0, 0, 0, 0, 0, 0, 0, 0, 0, 0, 0, 0, 0, 0, 0, 0, 0, 0, 0, 0, 0, 0, 0, 0, 0, 0, 0, 0, 0, 0, 0, 0, 0, 0, 0, 0, 0, 0, 0, 0, 0, 0, 0, 0, 0, 0, 0, 0, 0, 0, 0, 0, 0, 0, 0, 0, 0, 0, 0, 0, 0, 0, 0, 0, 0, 0, 0, 0, 0, 0, 0, 0, 0, 0, 0, 0, 0, 0, 0, 0, 0, 0, 0, 0, 0, 0, 0, 0, 0, 0, 0, 0, 
, 7, 0, 0, 0, 0, 0, 0, 0, 0, 0, 0, 0, 0, 0, 0, 0, 0, 0, 0, 0, 0, 0, 0, 0, 0, 0, 0, 0, 0, 0, 0, 0, 0, 0, 0, 0, 0, 0, 0, 0, 0, 0, 0, 0, 0, 0, 0, 0, 0, 0, 0, 0, 0, 0, 0, 0, 0, 0, 0, 0, 0, 0, 0, 0, 0, 0, 0, 0, 0, 0, 0, 0, 0, 0, 0, 0, 0, 0, 0, 0, 0, 0, 0, 0, 0, 0, 0, 0, 0, 0, 0, 0, 0, 0, 0, 0, 0, 0, 0, 0, 0, 0, 0, 
, 8, 0, 0, 0, 0, 0, 0, 0, 0, 0, 0, 0, 0, 0, 0, 0, 0, 0, 0, 0, 0, 0, 0, 0, 0, 0, 0, 0, 0, 0, 0, 0, 0, 0, 0, 0, 0, 0, 0, 0, 0, 0, 0, 0, 0, 0, 0, 0, 0, 0, 0, 0, 0, 0, 0, 0, 0, 0, 0, 0, 0, 0, 0, 0, 0, 0, 0, 0, 0, 0, 0, 0, 0, 0, 0, 0, 0, 0, 0, 0, 0, 0, 0, 0, 0, 0, 0, 0, 0, 0, 0, 0, 0, 0, 0, 0, 0, 0, 0, 0, 0, 0, 0, 




Statistic Type, Time (min), Rep 0, Rep 1, Rep 2, Rep 3, Rep 4, Rep 5, Rep 6, Rep 7, Rep 8, Rep 9, Rep 10, Rep 11, Rep 12, Rep 13, Rep 14, Rep 15, Rep 16, Rep 17, Rep 18, Rep 19, Rep 20, Rep 21, Rep 22, Rep 23, Rep 24, Rep 25, Rep 26, Rep 27, Rep 28, Rep 29, Rep 30, Rep 31, Rep 32, Rep 33, Rep 34, Rep 35, Rep 36, Rep 37, Rep 38, Rep 39, Rep 40, Rep 41, Rep 42, Rep 43, Rep 44, Rep 45, Rep 46, Rep 47, Rep 48, Rep 49, Rep 50, Rep 51, Rep 52, Rep 53, Rep 54, Rep 55, Rep 56, Rep 57, Rep 58, Rep 59, Rep 60, Rep 61, Rep 62, Rep 63, Rep 64, Rep 65, Rep 66, Rep 67, Rep 68, Rep 69, Rep 70, Rep 71, Rep 72, Rep 73, Rep 74, Rep 75, Rep 76, Rep 77, Rep 78, Rep 79, Rep 80, Rep 81, Rep 82, Rep 83, Rep 84, Rep 85, Rep 86, Rep 87, Rep 88, Rep 89, Rep 90, Rep 91, Rep 92, Rep 93, Rep 94, Rep 95, Rep 96, Rep 97, Rep 98, Rep 99, Mean, Std Dev
Utilization, 0, 0.00424366, 0.018154, 0.0272198, 0.0436406, 0, 0.0254246, 0.0662717, 0.00440234, 0.0520914, 0.0274839, 0.0382773, 0.0349913, 0.0157782, 0.0253735, 0.0281247, 0.0382104, 0.0186399, 0.0984349, 0.0152015, 0.0561913, 0.0335489, 0.0179163, 0.014492, 0.0616488, 0.0287177, 0.0305036, 0.0357735, 0.00652491, 0.0966691, 0.0433071, 0.0896031, 0.128155, 0.0149141, 0.0210531, 0.0107803, 0.023385, 0.0438473, 0.0168916, 0.0268965, 0.0063021, 0.0251658, 0.0643901, 0.0676922, 0.00129732, 0.0302863, 0.0105133, 0.0241352, 0.0467261, 0.0260728, 0.107362, 0.0260983, 0.051774, 0.0789815, 0.0116525, 0, 0.0444859, 0.0291399, 0.0212395, 0.0225858, 0.0368727, 0.032417, 0.0509553, 0.0129276, 0.0228874, 0.0188704, 0.0524878, 0.0300434, 0.0542687, 0.00711896, 0.0144218, 0.023791, 0.0266138, 0.0342823, 0.00549526, 0.0185002, 0.0237536, 0.00625207, 0.0397582, 0.01804, 0.0182118, 0.0390711, 0.0395971, 0.00851235, 0.0342272, 0.0195726, 0.0246642, 0.0493576, 0.0153265, 0.02171, 0.0155313, 0.0213883, 0.0700301, 0.0557089, 0.0912288, 0.113618, 0.040216, 0.0166351, 0.00831292, 0.0161785, 0.0501322, 0.0337767, 0.0257835, 
, 30, 0.0854893, 0.104222, 0.0854813, 0.151602, 0.0589967, 0.0614085, 0.0461994, 0.118962, 0.0393979, 0.038614, 0.0426131, 0.0178832, 0.0562349, 0.0600053, 0.0456331, 0.0334497, 0.05939, 0.0266516, 0.0120992, 0.0428623, 0.0752014, 0.0679235, 0.0758858, 0.0178315, 0.0594907, 0.126904, 0.0751823, 0.117618, 0.0873991, 0.0510596, 0.0520891, 0.11524, 0.00916392, 0.052509, 0.0891385, 0.0395181, 0.0529509, 0.0618982, 0.0504763, 0.0493881, 0.0477383, 0.10482, 0.109845, 0.0377927, 0.0587003, 0.0553537, 0.0834133, 0.106419, 0.0798587, 0.0610624, 0.040822, 0.0704713, 0.0945831, 0.0672791, 0.092753, 0.127178, 0.0740743, 0.0379627, 0.0653893, 0.109136, 0.0939532, 0.0954628, 0.115009, 0.110381, 0.0654949, 0.0359903, 0.0479518, 0.0490701, 0.0643588, 0.0802598, 0.0771989, 0.0418013, 0.0571124, 0.0779378, 0.057617, 0.0406063, 0.0273041, 0.0971596, 0.117346, 0.055832, 0.0982655, 0.0625406, 0.0442953, 0.0991532, 0.0566995, 0.0665791, 0.100498, 0.0493596, 0.0631846, 0.0978376, 0.0512049, 0.0209759, 0.136659, 0.0357699, 0.0169409, 0.0700886, 0.0695095, 0.154575, 0.0286085, 0.0269596, 0.0679627, 0.0314177, 
, 60, 0.058302, 0.0386525, 0.071159, 0.0524028, 0.0852833, 0.0537608, 0.0906808, 0.089511, 0.0740842, 0.0569478, 0.0744233, 0.0412193, 0.114959, 0.0603573, 0.0409147, 0.0627459, 0.0435857, 0.0457713, 0.142705, 0.0490513, 0.0874044, 0.0814228, 0.0651726, 0.0406764, 0.027352, 0.0979832, 0.0697362, 0.129, 0.0346472, 0.0395276, 0.0781203, 0.0441057, 0.0446294, 0.0565536, 0.0870534, 0.0456176, 0.0601092, 0.0813367, 0.0702506, 0.104527, 0.0428252, 0.0360255, 0.0546769, 0.0395053, 0.0697091, 0.0450076, 0.107072, 0.0899826, 0.0737192, 0.0682644, 0.0516992, 0.0303754, 0.0254255, 0.153202, 0.0596458, 0.0570733, 0.0429, 0.0387632, 0.0704539, 0.0760543, 0.0711894, 0.0377528, 0.095026, 0.0997988, 0.0747766, 0.0918608, 0.129, 0.0598862, 0.0746942, 0.0659986, 0.0391909, 0.0401277, 0.0529111, 0.0598218, 0.0365829, 0.0675369, 0.0510935, 0.0946037, 0.0970502, 0.067075, 0.156619, 0.0192052, 0.0723616, 0.0337326, 0.10812, 0.0647697, 0.0503722, 0.10485, 0.0417435, 0.147486, 0.0483087, 0.0802742, 0.136749, 0.069489, 0.0404783, 0.0511297, 0.0405993, 0.0706004, 0.073204, 0.0398394, 0.0678003, 0.0294962, 
, 90, 0, 0.0969391, 0.0641759, 0.0515961, 0.0636078, 0.0466202, 0.0349968, 0.0332489, 0.0157962, 0.0652181, 0.0587008, 0.0317507, 0.0747673, 0.0598422, 0.0517349, 0.0359118, 0.0361842, 0.0454536, 0.0355525, 0.0171153, 0.101347, 0.0122828, 0.0285032, 0.0682398, 0.016654, 0.042068, 0.119945, 0.0735934, 0.0152456, 0.0500982, 0.0461683, 0.0156629, 0.082487, 0, 0.0337817, 0.0399801, 0.0238838, 0.102711, 0.00294113, 0, 0.0209613, 0.0400218, 0, 0.11612, 0.0443665, 0.0462074, 0.025457, 0.0265917, 0.0804179, 0.125512, 0.024261, 0.0599528, 0.0451129, 0.0507774, 0.0561396, 0.0834152, 0.0993106, 0.018926, 0.0753413, 0.0563174, 0.0268102, 0.0780248, 0.0340688, 0.0805773, 0.0473625, 0.0640068, 0.0229335, 0, 0.049307, 0.043394, 0.0433528, 0.0967911, 0.0403402, 0.00243352, 0.0118886, 0.0117093, 0.0124441, 0.0540733, 0.0228193, 0.0413663, 0.0034668, 0.0098231, 0.0291346, 0.0437518, 0.00688578, 0.0421242, 0.0214106, 0.0677325, 0.0362808, 0.0103444, 0.033006, 0.0301544, 0.0128685, 0.0565389, 0.0858035, 0.0139308, 0.0770607, 0.0220683, 0.048321, 0.0370308, 0.0436146, 0.0292265, 


Avg Service Time, 0, 0, 0, 0, 0, 0.0113983, 0, 0, 0, 0, 0, 0, 0, 0, 0, 0, 0, 0, 0, 0, 0, 0, 0, 0, 0, 0, 0, 0, 0, 0, 0, 0, 0, 0, 0, 0, 0, 0, 0, 0, 0, 0, 0, 0, 0, 0, 0, 0, 0, 0, 0, 0, 0, 0, 0, 0, 0, 0, 0, 0, 0, 0, 0, 0, 0, 0, 0, 0, 0, 0, 0, 0, 0, 0, 0, 0, 0, 0, 0, 0, 0, 0, 0, 0, 0, 0, 0, 0, 0, 0, 0, 0, 0, 0, 0, 0, 0, 0, 0, 0, 0, 0.000113983, 0.00113983, 
, 1, 0, 0, 0, 0, 0, 0, 0, 0, 0, 0, 0, 0, 0, 0, 0, 0, 0, 0, 0, 0, 0, 0, 0, 0, 0, 0, 0, 0, 0, 0, 0, 0, 0, 0, 0, 0, 0, 0, 0, 0, 0, 0, 0, 0, 0, 0, 0, 0, 0, 0, 0, 0, 0, 0, 0, 0, 0, 0, 0, 0, 0, 0, 0, 0, 0, 0, 0, 0, 0, 0, 0, 0, 0, 0, 0, 0, 0, 0, 0, 0, 0, 0, 0, 0, 0, 0, 0, 0, 0, 0, 0, 0, 0, 0, 0, 0, 0, 0, 0, 0, 0, 0, 
, 2, 0, 0.78904, 1.26799, 0.750488, 0.962547, 0.956612, 0.782906, 0.0485916, 0.368103, 1.10262, 0.341221, 0.4718, 0.0895596, 0.784031, 0.0853424, 0.828056, 1.02097, 1.6572, 0.771286, 0, 0.285576, 0, 0.629929, 0.279066, 0.34114, 1.26204, 1.48653, 1.32679, 0, 1.34743, 0, 1.13815, 0, 0, 0, 0.855161, 0.480183, 0.314219, 0.0834179, 0, 0.644447, 0.378765, 0, 2.48479, 1.40563, 0.332848, 0, 0.713337, 1.30937, 2.39753, 0, 0.625313, 0.859756, 0.421891, 0.366615, 1.32677, 1.57249, 0.436714, 1.50494, 1.01116, 0, 1.22465, 0, 1.25471, 0.652153, 0, 0.715593, 0.0852957, 1.06991, 0.184097, 0.357933, 0, 0.413521, 0.00774002, 0.214751, 0, 0, 1.79697, 0, 0.782593, 0.337307, 0.736223, 0, 0.854102, 0, 0.5299, 0, 0.968235, 0, 0.194342, 0.649567, 0.588953, 0.272014, 2.63396, 2.05408, 0.532555, 0.54607, 0.434151, 0.358063, 0.814103, 0.619639, 0.604613, 
, 3, 0, 0, 0, 0, 0, 0, 0, 0, 0, 0, 0, 0, 0, 0, 0, 0, 0, 0, 0, 0, 0, 0, 0, 0, 0, 0, 0, 0, 0, 0, 0, 0, 0, 0, 0, 0, 0, 0, 0, 0, 0, 0, 0, 0, 0, 0, 0, 0, 0, 0, 0, 0, 0, 0, 0, 0, 0, 0, 0, 0, 0, 0, 0, 0, 0, 0, 0, 0, 0, 0, 0, 0, 0, 0, 0, 0, 0, 0, 0, 0, 0, 0, 0, 0, 0, 0, 0, 0, 0, 0, 0, 0, 0, 0, 0, 0, 0, 0, 0, 0, 0, 0, 
, 4, 0, 0, 0, 0, 0, 0, 0, 0, 0, 0, 0, 0, 0, 0, 0, 0, 0, 0, 0, 0, 0, 0, 0, 0, 0, 0, 0, 0, 0, 0, 0, 0, 0, 0, 0, 0, 0, 0, 0, 0, 0, 0, 0, 0, 0, 0, 0, 0, 0, 0, 0, 0, 0, 0, 0, 0, 0, 0, 0, 0, 0, 0, 0, 0, 0, 0, 0, 0, 0, 0, 0, 0, 0, 0, 0, 0, 0, 0, 0, 0, 0, 0, 0, 0, 0, 0, 0, 0, 0, 0, 0, 0, 0, 0, 0, 0, 0, 0, 0, 0, 0, 0, 
, 5, 2.29794, 2.08882, 2.23328, 3.90215, 1.68488, 3.57565, 2.87839, 4.49785, 1.54936, 1.50441, 3.26546, 1.36284, 3.49149, 2.66004, 3.20834, 2.07784, 0.778428, 2.11616, 2.53949, 2.57861, 3.86484, 0.927368, 3.69646, 3.22541, 2.15987, 2.75891, 3.61495, 3.38129, 2.62876, 2.17821, 0.486164, 4.89284, 1.95076, 2.23333, 3.42015, 2.37434, 2.84017, 3.84718, 1.41618, 2.18073, 0.961297, 3.70684, 2.16879, 1.2854, 3.35768, 2.09126, 4.40722, 2.28838, 3.92394, 3.85627, 1.78178, 3.34969, 3.47997, 3.93453, 1.94735, 3.15701, 2.79412, 1.35437, 2.59663, 3.78545, 4.53821, 3.93491, 3.21658, 2.89473, 3.41183, 2.4574, 2.86926, 2.11158, 3.10308, 3.01341, 2.39877, 2.86956, 2.17992, 1.7143, 1.64027, 1.5137, 1.36799, 3.08693, 4.85767, 3.39415, 2.70209, 1.26485, 2.21077, 3.12553, 2.01852, 1.07529, 2.7428, 3.26326, 1.9783, 2.64786, 1.9385, 3.78355, 4.07468, 2.57064, 2.83561, 3.66285, 1.58396, 3.52766, 2.34743, 1.0528, 2.67579, 0.968212, 
, 6, 0.737403, 0.746502, 2.10733, 1.68275, 1.27086, 0.952128, 0.484933, 2.08892, 0.10965, 1.39294, 1.35677, 0.880749, 1.03571, 0.825162, 0.873062, 0.791847, 0.867033, 1.42492, 1.94687, 0.557064, 1.12598, 2.27633, 0.407277, 0.630365, 0.913866, 1.69787, 2.14052, 2.36223, 2.7395, 0.970015, 1.8122, 0.796843, 0.664644, 0.766735, 0.724154, 1.1735, 1.11483, 1.36236, 1.75555, 1.87698, 0.642337, 1.38587, 2.05529, 0.463072, 0.82448, 0.328348, 1.35753, 0.957934, 1.44175, 2.095, 1.75829, 1.17737, 0.689532, 0.768408, 0.764046, 1.92496, 0.858805, 0.485832, 0.693758, 1.23138, 1.34376, 0.792358, 0.440693, 0.697128, 1.30167, 1.06521, 0.569318, 0.916205, 0.938519, 0.572279, 0.913843, 0.7726, 0.872777, 1.35487, 0.9951, 0.919306, 0.551704, 1.59137, 1.03806, 1.01656, 1.45256, 0.445101, 1.19041, 0.73399, 1.07012, 1.93302, 1.5465, 1.28987, 1.24425, 1.23352, 0.831871, 0.280575, 1.86467, 0.958004, 1.40202, 0.276279, 0.37437, 0.976362, 0.8433, 0.39467, 1.10353, 0.535226, 
, 7, 0, 0, 0, 0, 0, 0, 0, 0, 0.0135612, 0, 0, 0, 0, 0, 0, 0, 0, 0.00527191, 0, 0, 0, 0, 0, 0.163605, 0, 0, 0, 0, 0, 0, 0, 0, 0, 0, 0, 0, 0, 0, 0, 0, 0, 0, 0, 0, 0, 0, 0.01091, 0, 0, 0, 0, 0.124479, 0, 0.0115814, 0, 0, 0, 0, 0, 0, 0.0498886, 0.0523605, 0, 0, 0.00537491, 0.0653305, 0, 0, 0, 0, 0, 0, 0, 0, 0, 0, 0, 0, 0, 0, 0, 0, 0.0227814, 0, 0, 0, 0, 0, 0, 0, 0, 0, 0, 0, 0, 0, 0, 0, 0, 0, 0.00525145, 0.0224767, 
, 8, 1.4057, 4.11468, 1.83248, 2.64186, 2.30695, 0.132027, 2.99823, 0.748346, 3.40042, 1.64795, 1.45699, 1.05995, 3.23542, 1.89811, 0.825478, 1.4118, 2.06756, 1.28579, 0.909115, 1.82093, 3.64866, 2.18266, 0.787941, 1.35346, 0.551552, 3.20493, 1.7771, 2.73179, 1.65058, 1.02412, 5.68105, 2.26707, 1.92043, 0.903412, 2.47831, 0.052021, 0.98856, 2.36137, 1.26179, 0.748794, 1.85263, 1.88625, 2.74235, 1.60818, 0.504082, 1.96001, 1.42668, 4.13194, 1.12699, 2.51724, 0.746337, 1.10035, 2.29383, 3.35093, 3.17815, 2.95585, 2.13732, 1.22983, 2.21777, 2.32343, 0.799229, 1.86159, 4.05367, 4.56276, 0.8241, 3.74243, 2.74369, 1.78367, 0.752857, 2.35244, 1.83546, 2.51786, 2.07316, 1.29374, 0.887542, 1.87518, 0.993118, 2.09257, 1.76192, 0.28125, 4.43072, 1.48881, 1.20515, 1.61232, 2.64969, 2.40591, 2.35985, 1.59671, 1.66502, 4.06026, 1.1973, 1.38996, 4.04819, 1.4282, 1.41351, 0.78927, 3.60974, 2.72852, 1.44057, 2.35729, 1.99031, 1.08246, 


Avg Wait Time, 0, 0, 0, 0, 0, 0.0251389, 0, 0, 0, 0, 0, 0, 0, 0, 0, 0, 0, 0, 0, 0, 0, 0, 0, 0, 0, 0, 0, 0, 0, 0, 0, 0, 0, 0, 0, 0, 0, 0, 0, 0, 0, 0, 0, 0, 0, 0, 0, 0, 0, 0, 0, 0, 0, 0, 0, 0, 0, 0, 0, 0, 0, 0, 0, 0, 0, 0, 0, 0, 0, 0, 0, 0, 0, 0, 0, 0, 0, 0, 0, 0, 0, 0, 0, 0, 0, 0, 0, 0, 0, 0, 0, 0, 0, 0, 0, 0, 0, 0, 0, 0, 0, 0.000251389, 0.00251389, 
, 1, 0, 0, 0, 0, 0, 0, 0, 0, 0, 0, 0, 0, 0, 0, 0, 0, 0, 0, 0, 0, 0, 0, 0, 0, 0, 0, 0, 0, 0, 0, 0, 0, 0, 0, 0, 0, 0, 0, 0, 0, 0, 0, 0, 0, 0, 0, 0, 0, 0, 0, 0, 0, 0, 0, 0, 0, 0, 0, 0, 0, 0, 0, 0, 0, 0, 0, 0, 0, 0, 0, 0, 0, 0, 0, 0, 0, 0, 0, 0, 0, 0, 0, 0, 0, 0, 0, 0, 0, 0, 0, 0, 0, 0, 0, 0, 0, 0, 0, 0, 0, 0, 0, 
, 2, 0, 0.425819, 28.0319, 12.9358, 21.8428, 33.5274, 1.14265, 4.0649, 6.40136, 20.0714, 5.48487, 3.74469, 9.65555, 18.8304, 1.71593, 15.242, 35.197, 2.19126, 46.7372, 0, 0.580818, 0, 17.9734, 3.26798, 17.3189, 37.9667, 27.3147, 5.09509, 0, 10.7658, 0, 6.77543, 0, 0, 0, 22.5939, 2.92254, 0.627136, 8.2519, 0, 9.78631, 1.66698, 0, 12.8945, 12.7808, 0.485603, 0, 5.95571, 14.1449, 37.9868, 0, 3.68409, 9.27205, 15.7246, 0.737495, 25.0739, 42.7654, 11.4583, 23.9623, 13.8654, 0, 0.603199, 0, 17.122, 16.195, 0, 5.76449, 0.0172615, 19.8158, 3.06973, 12.5623, 0, 0.325363, 5.00537, 5.84987, 0, 0, 7.16966, 0, 14.058, 1.72068, 11.3516, 0, 12.1907, 0, 0.769806, 0, 15.8672, 0, 23.9859, 6.07047, 0.268581, 4.3918, 39.9444, 4.45102, 0.0426855, 13.1065, 11.9399, 4.26289, 12.4991, 9.41364, 11.2105, 
, 3, 0, 0, 0, 0, 0, 0, 0, 0, 0, 0, 0, 0, 0, 0, 0, 0, 0, 0, 0, 0, 0, 0, 0, 0, 0, 0, 0, 0, 0, 0, 0, 0, 0, 0, 0, 0, 0, 0, 0, 0, 0, 0, 0, 0, 0, 0, 0, 0, 0, 0, 0, 0, 0, 0, 0, 0, 0, 0, 0, 0, 0, 0, 0, 0, 0, 0, 0, 0, 0, 0, 0, 0, 0, 0, 0, 0, 0, 0, 0, 0, 0, 0, 0, 0, 0, 0, 0, 0, 0, 0, 0, 0, 0, 0, 0, 0, 0, 0, 0, 0, 0, 0, 
, 4, 0, 0, 0, 0, 0, 0, 0, 0, 0, 0, 0, 0, 0, 0, 0, 0, 0, 0, 0, 0, 0, 0, 0, 0, 0, 0, 0, 0, 0, 0, 0, 0, 0, 0, 0, 0, 0, 0, 0, 0, 0, 0, 0, 0, 0, 0, 0, 0, 0, 0, 0, 0, 0, 0, 0, 0, 0, 0, 0, 0, 0, 0, 0, 0, 0, 0, 0, 0, 0, 0, 0, 0, 0, 0, 0, 0, 0, 0, 0, 0, 0, 0, 0, 0, 0, 0, 0, 0, 0, 0, 0, 0, 0, 0, 0, 0, 0, 0, 0, 0, 0, 0, 
, 5, 0, 0, 1.14948, 0.750488, 0.962547, 0.956612, 0.180573, 1.2971, 4.35967, 0, 0.341221, 0, 0, 0, 0.0853424, 0.666618, 0, 0.00527191, 1.30305, 0.033844, 3.35182, 0, 0.629929, 0, 0.0952215, 1.26204, 1.84715, 1.84708, 1.16242, 0.668111, 0, 0.779976, 0, 0, 0, 0.329254, 0.148643, 0.246071, 0, 0, 0.237831, 0.378765, 0, 0.329437, 0.912903, 0, 0.01091, 0.130047, 2.07922, 2.28566, 0, 0.675468, 0.859756, 0.329689, 0, 2.0757, 1.38498, 0, 1.11929, 6.4224, 0.599705, 0.0523605, 0, 1.25471, 0.739758, 0, 0, 0.0422058, 1.25594, 0, 0, 0, 0.527443, 0, 0, 0, 0, 0.757269, 1.84307, 0.356316, 0, 0, 0.0899429, 0.558861, 0, 0, 4.8581, 0, 0, 0.216698, 0.649567, 0, 0.272014, 0.555069, 1.43539, 0, 0.425446, 0.634895, 0.358063, 0, 0.611744, 1.04769, 
, 6, 0, 0, 0.177841, 0.243374, 0.0113983, 0, 0, 0.276451, 0, 0, 0.178436, 0.56044, 0.512768, 0.28857, 0, 0.369381, 0.193321, 1.7215, 0.189629, 0, 0, 0, 0, 0, 0, 0, 0.389454, 0.411739, 0, 0.0643921, 0, 0.530523, 0, 0.356285, 0.147327, 0.525907, 0.331539, 0.0681477, 0.508568, 0.0395813, 0.406616, 0, 0, 0, 0.626697, 0, 0.266773, 0.639683, 0.556211, 0.242429, 0, 0, 0.156155, 0.317917, 0, 0, 0.18844, 0.436714, 0, 0.216412, 0.463806, 0.613891, 0.226948, 0, 0, 0, 0.988146, 0.0852957, 0.0387845, 0, 0.00310516, 0.0586243, 0, 0.344156, 0, 0.314461, 0, 1.23463, 0.0445633, 0.426277, 0.423603, 0.736223, 0, 0, 0.394516, 0.184631, 0, 0.0281258, 0, 0, 0.329247, 0.588953, 0, 1.9484, 0, 0, 0.223629, 1.47575, 0.0249634, 0, 0.233513, 0.358749, 
, 7, 0, 0, 0, 0, 0, 0, 0, 0, 1.1304, 0, 0, 0, 0, 0, 0, 0, 0, 28.2112, 0, 0, 0, 0, 0, 33.3196, 0, 0, 0, 0, 0, 0, 0, 0, 0, 0, 0, 0, 0, 0, 0, 0, 0, 0, 0, 0, 0, 0, 1.58758, 0, 0, 0, 0, 18.2127, 0, 1.1188, 0, 0, 0, 0, 0, 0, 9.25645, 0.26046, 0, 0, 2.44865, 2.47283, 0, 0, 0, 0, 0, 0, 0, 0, 0, 0, 0, 0, 0, 0, 0, 0, 36.1156, 0, 0, 0, 0, 0, 0, 0, 0, 0, 0, 0, 0, 0, 0, 0, 0, 0, 1.34134, 5.91617, 
, 8, 0, 0.78904, 0.118507, 0, 0.126938, 0, 0.886717, 0.0485916, 0.0740089, 1.10262, 0, 0.3575, 0.0895596, 0.784031, 0, 0, 1.02097, 0, 0.334328, 0, 0.472801, 0, 0.137871, 0.442671, 0.245918, 0, 0.321745, 0, 0, 0.679321, 0.469, 0.181587, 0, 0, 0, 0, 0, 0.184235, 0.0176754, 0, 0, 0.11129, 0.523512, 2.15536, 0, 0.468737, 0, 0, 0.307518, 0.124277, 0.114616, 0.0743237, 0, 1.23451, 0.366615, 0, 0, 0, 0.385651, 0.147442, 0.0498886, 0.610756, 0, 0, 0, 0.284569, 0, 0, 0, 0.184097, 0.357933, 0, 0, 0, 0.214751, 0, 0, 0.708588, 0, 0, 0, 0, 0.446373, 0.295241, 4.40572, 0.5299, 0, 0.940109, 0, 0.194342, 1.85687, 0, 0, 0.349315, 0.61869, 0.532555, 0.233142, 0, 0, 0.814103, 0.285264, 0.567732, 


Number In, 0, 0, 0, 0, 0, 0, 0, 0, 0, 0, 0, 0, 0, 0, 0, 0, 0, 0, 0, 0, 0, 0, 0, 0, 0, 0, 0, 0, 0, 0, 0, 0, 0, 0, 0, 0, 0, 0, 0, 0, 0, 0, 0, 0, 0, 0, 0, 0, 0, 0, 0, 0, 0, 0, 0, 0, 0, 0, 0, 0, 0, 0, 0, 0, 0, 0, 0, 0, 0, 0, 0, 0, 0, 0, 0, 0, 0, 0, 0, 0, 0, 0, 0, 0, 0, 0, 0, 0, 0, 0, 0, 0, 0, 0, 0, 0, 0, 0, 0, 0, 0, 0, 0, 
, 1, 0, 0, 0, 0, 0, 0, 0, 0, 0, 0, 0, 0, 0, 0, 0, 0, 0, 0, 0, 0, 0, 0, 0, 0, 0, 0, 0, 0, 0, 0, 0, 0, 0, 0, 0, 0, 0, 0, 0, 0, 0, 0, 0, 0, 0, 0, 0, 0, 0, 0, 0, 0, 0, 0, 0, 0, 0, 0, 0, 0, 0, 0, 0, 0, 0, 0, 0, 0, 0, 0, 0, 0, 0, 0, 0, 0, 0, 0, 0, 0, 0, 0, 0, 0, 0, 0, 0, 0, 0, 0, 0, 0, 0, 0, 0, 0, 0, 0, 0, 0, 0, 0, 
, 2, 0, 0, 0, 0, 0, 0, 0, 0, 0, 0, 0, 0, 0, 0, 0, 0, 0, 0, 0, 0, 0, 0, 0, 0, 0, 0, 0, 0, 0, 0, 0, 0, 0, 0, 0, 0, 0, 0, 0, 0, 0, 0, 0, 0, 0, 0, 0, 0, 0, 0, 0, 0, 0, 0, 0, 0, 0, 0, 0, 0, 0, 0, 0, 0, 0, 0, 0, 0, 0, 0, 0, 0, 0, 0, 0, 0, 0, 0, 0, 0, 0, 0, 0, 0, 0, 0, 0, 0, 0, 0, 0, 0, 0, 0, 0, 0, 0, 0, 0, 0, 0, 0, 
, 3, 0, 0, 0, 0, 0, 0, 0, 0, 0, 0, 0, 0, 0, 0, 0, 0, 0, 0, 0, 0, 0, 0, 0, 0, 0, 0, 0, 0, 0, 0, 0, 0, 0, 0, 0, 0, 0, 0, 0, 0, 0, 0, 0, 0, 0, 0, 0, 0, 0, 0, 0, 0, 0, 0, 0, 0, 0, 0, 0, 0, 0, 0, 0, 0, 0, 0, 0, 0, 0, 0, 0, 0, 0, 0, 0, 0, 0, 0, 0, 0, 0, 0, 0, 0, 0, 0, 0, 0, 0, 0, 0, 0, 0, 0, 0, 0, 0, 0, 0, 0, 0, 0, 
, 4, 0, 0, 0, 0, 0, 0, 0, 0, 0, 0, 0, 0, 0, 0, 0, 0, 0, 0, 0, 0, 0, 0, 0, 0, 0, 0, 0, 0, 0, 0, 0, 0, 0, 0, 0, 0, 0, 0, 0, 0, 0, 0, 0, 0, 0, 0, 0, 0, 0, 0, 0, 0, 0, 0, 0, 0, 0, 0, 0, 0, 0, 0, 0, 0, 0, 0, 0, 0, 0, 0, 0, 0, 0, 0, 0, 0, 0, 0, 0, 0, 0, 0, 0, 0, 0, 0, 0, 0, 0, 0, 0, 0, 0, 0, 0, 0, 0, 0, 0, 0, 0, 0, 
, 5, 7, 6, 9, 12, 7, 9, 10, 13, 7, 7, 11, 4, 12, 7, 12, 9, 2, 7, 8, 10, 12, 3, 12, 9, 8, 10, 9, 14, 8, 9, 2, 15, 6, 10, 11, 6, 9, 10, 6, 7, 4, 11, 7, 4, 11, 6, 14, 7, 13, 14, 6, 11, 10, 11, 5, 10, 8, 5, 10, 12, 16, 12, 10, 10, 13, 10, 9, 7, 10, 10, 7, 10, 8, 6, 5, 6, 6, 10, 17, 11, 10, 6, 7, 11, 7, 5, 10, 11, 7, 11, 8, 12, 13, 10, 7, 10, 6, 12, 8, 5, 8.93, 2.98567, 
, 6, 6, 8, 8, 9, 9, 4, 8, 9, 3, 10, 6, 8, 8, 8, 10, 10, 7, 12, 9, 6, 7, 11, 6, 7, 7, 6, 10, 11, 12, 8, 9, 4, 6, 7, 7, 9, 7, 10, 13, 11, 10, 9, 9, 7, 7, 3, 13, 12, 12, 14, 10, 11, 6, 7, 8, 15, 13, 4, 9, 13, 10, 7, 6, 5, 9, 8, 5, 8, 10, 6, 11, 7, 7, 8, 6, 8, 3, 12, 9, 9, 12, 8, 10, 6, 11, 11, 8, 7, 10, 8, 4, 6, 9, 7, 8, 3, 4, 12, 7, 5, 8.28, 2.62113, 
, 7, 0, 0, 0, 0, 0, 0, 0, 0, 0, 0, 0, 0, 0, 0, 0, 0, 0, 0, 0, 0, 0, 0, 0, 0, 0, 0, 0, 0, 0, 0, 0, 0, 0, 0, 0, 0, 0, 0, 0, 0, 0, 0, 0, 0, 0, 0, 0, 0, 0, 0, 0, 0, 0, 0, 0, 0, 0, 0, 0, 0, 0, 0, 0, 0, 0, 0, 0, 0, 0, 0, 0, 0, 0, 0, 0, 0, 0, 0, 0, 0, 0, 0, 0, 0, 0, 0, 0, 0, 0, 0, 0, 0, 0, 0, 0, 0, 0, 0, 0, 0, 0, 0, 
, 8, 5, 8, 5, 6, 7, 2, 12, 5, 10, 6, 5, 5, 7, 6, 1, 6, 9, 4, 5, 7, 11, 4, 3, 8, 3, 6, 6, 7, 4, 4, 16, 9, 5, 4, 8, 1, 3, 6, 9, 5, 9, 4, 7, 9, 4, 7, 4, 10, 5, 6, 7, 6, 6, 9, 10, 8, 7, 4, 5, 8, 4, 8, 6, 15, 2, 10, 5, 6, 3, 8, 6, 6, 7, 6, 4, 4, 3, 3, 4, 2, 9, 3, 8, 6, 7, 7, 5, 8, 4, 7, 5, 5, 6, 7, 3, 6, 10, 6, 4, 9, 6.15, 2.62996, 


Number Out, 0, 0, 0, 0, 0, 1, 0, 0, 0, 0, 0, 0, 0, 0, 0, 0, 0, 0, 0, 0, 0, 0, 0, 0, 0, 0, 0, 0, 0, 0, 0, 0, 0, 0, 0, 0, 0, 0, 0, 0, 0, 0, 0, 0, 0, 0, 0, 0, 0, 0, 0, 0, 0, 0, 0, 0, 0, 0, 0, 0, 0, 0, 0, 0, 0, 0, 0, 0, 0, 0, 0, 0, 0, 0, 0, 0, 0, 0, 0, 0, 0, 0, 0, 0, 0, 0, 0, 0, 0, 0, 0, 0, 0, 0, 0, 0, 0, 0, 0, 0, 0, 0.01, 0.1, 
, 1, 0, 0, 0, 0, 0, 0, 0, 0, 0, 0, 0, 0, 0, 0, 0, 0, 0, 0, 0, 0, 0, 0, 0, 0, 0, 0, 0, 0, 0, 0, 0, 0, 0, 0, 0, 0, 0, 0, 0, 0, 0, 0, 0, 0, 0, 0, 0, 0, 0, 0, 0, 0, 0, 0, 0, 0, 0, 0, 0, 0, 0, 0, 0, 0, 0, 0, 0, 0, 0, 0, 0, 0, 0, 0, 0, 0, 0, 0, 0, 0, 0, 0, 0, 0, 0, 0, 0, 0, 0, 0, 0, 0, 0, 0, 0, 0, 0, 0, 0, 0, 0, 0, 
, 2, 0, 1, 5, 2, 2, 3, 1, 1, 1, 2, 3, 2, 2, 3, 1, 2, 3, 3, 2, 0, 1, 0, 2, 2, 2, 4, 5, 3, 0, 3, 0, 2, 0, 0, 0, 3, 2, 2, 2, 0, 2, 1, 0, 4, 3, 1, 0, 3, 4, 9, 0, 1, 1, 2, 1, 3, 5, 2, 4, 5, 0, 2, 0, 3, 1, 0, 2, 1, 3, 1, 1, 0, 1, 1, 1, 0, 0, 3, 0, 2, 2, 2, 0, 3, 0, 1, 0, 3, 0, 1, 1, 1, 2, 6, 4, 1, 3, 2, 1, 4, 1.82, 1.60416, 
, 3, 0, 0, 0, 0, 0, 0, 0, 0, 0, 0, 0, 0, 0, 0, 0, 0, 0, 0, 0, 0, 0, 0, 0, 0, 0, 0, 0, 0, 0, 0, 0, 0, 0, 0, 0, 0, 0, 0, 0, 0, 0, 0, 0, 0, 0, 0, 0, 0, 0, 0, 0, 0, 0, 0, 0, 0, 0, 0, 0, 0, 0, 0, 0, 0, 0, 0, 0, 0, 0, 0, 0, 0, 0, 0, 0, 0, 0, 0, 0, 0, 0, 0, 0, 0, 0, 0, 0, 0, 0, 0, 0, 0, 0, 0, 0, 0, 0, 0, 0, 0, 0, 0, 
, 4, 0, 0, 0, 0, 0, 0, 0, 0, 0, 0, 0, 0, 0, 0, 0, 0, 0, 0, 0, 0, 0, 0, 0, 0, 0, 0, 0, 0, 0, 0, 0, 0, 0, 0, 0, 0, 0, 0, 0, 0, 0, 0, 0, 0, 0, 0, 0, 0, 0, 0, 0, 0, 0, 0, 0, 0, 0, 0, 0, 0, 0, 0, 0, 0, 0, 0, 0, 0, 0, 0, 0, 0, 0, 0, 0, 0, 0, 0, 0, 0, 0, 0, 0, 0, 0, 0, 0, 0, 0, 0, 0, 0, 0, 0, 0, 0, 0, 0, 0, 0, 0, 0, 
, 5, 7, 6, 8, 9, 7, 9, 10, 13, 7, 7, 10, 4, 12, 7, 12, 8, 2, 7, 8, 10, 12, 3, 11, 9, 8, 8, 9, 12, 8, 9, 2, 14, 6, 10, 11, 6, 9, 10, 6, 7, 4, 11, 7, 4, 11, 6, 14, 7, 11, 13, 6, 11, 10, 11, 5, 10, 8, 5, 10, 11, 15, 12, 9, 10, 12, 10, 9, 7, 10, 10, 7, 10, 7, 6, 5, 5, 6, 10, 17, 11, 8, 6, 7, 11, 7, 4, 9, 11, 6, 11, 8, 12, 13, 10, 7, 10, 6, 12, 8, 5, 8.67, 2.85351, 
, 6, 6, 8, 8, 9, 9, 3, 8, 8, 3, 10, 6, 8, 8, 7, 10, 10, 7, 12, 9, 6, 7, 11, 6, 7, 6, 6, 10, 11, 12, 8, 9, 4, 6, 6, 7, 9, 7, 10, 13, 11, 10, 9, 9, 7, 7, 3, 12, 11, 12, 14, 8, 11, 6, 6, 8, 15, 13, 4, 9, 13, 10, 7, 6, 5, 9, 8, 5, 8, 10, 6, 11, 7, 7, 8, 6, 8, 3, 10, 9, 9, 12, 8, 10, 6, 10, 11, 8, 7, 10, 8, 4, 6, 9, 7, 8, 3, 4, 12, 7, 5, 8.15, 2.59516, 
, 7, 0, 0, 0, 0, 0, 0, 0, 0, 1, 0, 0, 0, 0, 0, 0, 0, 0, 1, 0, 0, 0, 0, 0, 2, 0, 0, 0, 0, 0, 0, 0, 0, 0, 0, 0, 0, 0, 0, 0, 0, 0, 0, 0, 0, 0, 0, 1, 0, 0, 0, 0, 2, 0, 1, 0, 0, 0, 0, 0, 0, 1, 1, 0, 0, 1, 1, 0, 0, 0, 0, 0, 0, 0, 0, 0, 0, 0, 0, 0, 0, 0, 0, 1, 0, 0, 0, 0, 0, 0, 0, 0, 0, 0, 0, 0, 0, 0, 0, 0, 0, 0.13, 0.393251, 
, 8, 5, 8, 5, 6, 7, 2, 11, 5, 10, 6, 5, 5, 7, 6, 1, 6, 9, 4, 5, 7, 10, 4, 3, 7, 3, 5, 6, 7, 3, 4, 16, 9, 5, 4, 8, 1, 3, 6, 9, 5, 9, 4, 7, 9, 4, 7, 4, 10, 5, 5, 7, 6, 6, 8, 10, 8, 6, 4, 4, 8, 4, 8, 6, 15, 2, 10, 5, 6, 3, 8, 6, 6, 7, 5, 2, 4, 2, 3, 4, 2, 9, 3, 8, 6, 6, 7, 5, 8, 3, 7, 5, 5, 6, 7, 3, 6, 9, 6, 4, 9, 5.99, 2.63042, 


Number Expired, 0, 0, 0, 0, 0, 0, 0, 0, 0, 0, 0, 0, 0, 0, 0, 0, 0, 0, 0, 0, 0, 0, 0, 0, 0, 0, 0, 0, 0, 0, 0, 0, 0, 0, 0, 0, 0, 0, 0, 0, 0, 0, 0, 0, 0, 0, 0, 0, 0, 0, 0, 0, 0, 0, 0, 0, 0, 0, 0, 0, 0, 0, 0, 0, 0, 0, 0, 0, 0, 0, 0, 0, 0, 0, 0, 0, 0, 0, 0, 0, 0, 0, 0, 0, 0, 0, 0, 0, 0, 0, 0, 0, 0, 0, 0, 0, 0, 0, 0, 0, 0, 0, 0, 
, 1, 0, 0, 0, 0, 0, 0, 0, 0, 0, 0, 0, 0, 0, 0, 0, 0, 0, 0, 0, 0, 0, 0, 0, 0, 0, 0, 0, 0, 0, 0, 0, 0, 0, 0, 0, 0, 0, 0, 0, 0, 0, 0, 0, 0, 0, 0, 0, 0, 0, 0, 0, 0, 0, 0, 0, 0, 0, 0, 0, 0, 0, 0, 0, 0, 0, 0, 0, 0, 0, 0, 0, 0, 0, 0, 0, 0, 0, 0, 0, 0, 0, 0, 0, 0, 0, 0, 0, 0, 0, 0, 0, 0, 0, 0, 0, 0, 0, 0, 0, 0, 0, 0, 
, 2, 0, 0, 0, 0, 0, 0, 0, 0, 0, 0, 0, 0, 0, 0, 0, 0, 0, 0, 0, 0, 0, 0, 0, 0, 0, 0, 0, 0, 0, 0, 0, 0, 0, 0, 0, 0, 0, 0, 0, 0, 0, 0, 0, 0, 0, 0, 0, 0, 0, 0, 0, 0, 0, 0, 0, 0, 0, 0, 0, 0, 0, 0, 0, 0, 0, 0, 0, 0, 0, 0, 0, 0, 0, 0, 0, 0, 0, 0, 0, 0, 0, 0, 0, 0, 0, 0, 0, 0, 0, 0, 0, 0, 0, 0, 0, 0, 0, 0, 0, 0, 0, 0, 
, 3, 0, 0, 0, 0, 0, 0, 0, 0, 0, 0, 0, 0, 0, 0, 0, 0, 0, 0, 0, 0, 0, 0, 0, 0, 0, 0, 0, 0, 0, 0, 0, 0, 0, 0, 0, 0, 0, 0, 0, 0, 0, 0, 0, 0, 0, 0, 0, 0, 0, 0, 0, 0, 0, 0, 0, 0, 0, 0, 0, 0, 0, 0, 0, 0, 0, 0, 0, 0, 0, 0, 0, 0, 0, 0, 0, 0, 0, 0, 0, 0, 0, 0, 0, 0, 0, 0, 0, 0, 0, 0, 0, 0, 0, 0, 0, 0, 0, 0, 0, 0, 0, 0, 
, 4, 0, 0, 0, 0, 0, 0, 0, 0, 0, 0, 0, 0, 0, 0, 0, 0, 0, 0, 0, 0, 0, 0, 0, 0, 0, 0, 0, 0, 0, 0, 0, 0, 0, 0, 0, 0, 0, 0, 0, 0, 0, 0, 0, 0, 0, 0, 0, 0, 0, 0, 0, 0, 0, 0, 0, 0, 0, 0, 0, 0, 0, 0, 0, 0, 0, 0, 0, 0, 0, 0, 0, 0, 0, 0, 0, 0, 0, 0, 0, 0, 0, 0, 0, 0, 0, 0, 0, 0, 0, 0, 0, 0, 0, 0, 0, 0, 0, 0, 0, 0, 0, 0, 
, 5, 0, 0, 1, 0, 0, 0, 0, 0, 0, 0, 0, 0, 0, 0, 0, 0, 0, 0, 0, 0, 0, 0, 1, 0, 0, 1, 0, 1, 0, 0, 0, 0, 0, 0, 0, 0, 0, 0, 0, 0, 0, 0, 0, 0, 0, 0, 0, 0, 2, 1, 0, 0, 0, 0, 0, 0, 0, 0, 0, 1, 0, 0, 0, 0, 1, 0, 0, 0, 0, 0, 0, 0, 0, 0, 0, 0, 0, 0, 0, 0, 0, 0, 0, 0, 0, 0, 1, 0, 0, 0, 0, 0, 0, 0, 0, 0, 0, 0, 0, 0, 0.1, 0.333333, 
, 6, 0, 0, 0, 0, 0, 0, 0, 0, 0, 0, 0, 0, 0, 0, 0, 0, 0, 0, 0, 0, 0, 0, 0, 0, 0, 0, 0, 0, 0, 0, 0, 0, 0, 0, 0, 0, 0, 0, 0, 0, 0, 0, 0, 0, 0, 0, 0, 0, 0, 0, 0, 0, 0, 0, 0, 0, 0, 0, 0, 0, 0, 0, 0, 0, 0, 0, 0, 0, 0, 0, 0, 0, 0, 0, 0, 0, 0, 0, 0, 0, 0, 0, 0, 0, 0, 0, 0, 0, 0, 0, 0, 0, 0, 0, 0, 0, 0, 0, 0, 0, 0, 0, 
, 7, 0, 0, 0, 0, 0, 0, 0, 0, 0, 0, 0, 0, 0, 0, 0, 0, 0, 0, 0, 0, 0, 0, 0, 0, 0, 0, 0, 0, 0, 0, 0, 0, 0, 0, 0, 0, 0, 0, 0, 0, 0, 0, 0, 0, 0, 0, 0, 0, 0, 0, 0, 0, 0, 0, 0, 0, 0, 0, 0, 0, 0, 0, 0, 0, 0, 0, 0, 0, 0, 0, 0, 0, 0, 0, 0, 0, 0, 0, 0, 0, 0, 0, 0, 0, 0, 0, 0, 0, 0, 0, 0, 0, 0, 0, 0, 0, 0, 0, 0, 0, 0, 0, 
, 8, 0, 0, 0, 0, 0, 0, 0, 0, 0, 0, 0, 0, 0, 0, 0, 0, 0, 0, 0, 0, 0, 0, 0, 0, 0, 0, 0, 0, 0, 0, 0, 0, 0, 0, 0, 0, 0, 0, 0, 0, 0, 0, 0, 0, 0, 0, 0, 0, 0, 0, 0, 0, 0, 0, 0, 0, 0, 0, 0, 0, 0, 0, 0, 0, 0, 0, 0, 0, 0, 0, 0, 0, 0, 0, 0, 0, 0, 0, 0, 0, 0, 0, 0, 0, 0, 0, 0, 0, 0, 0, 0, 0, 0, 0, 0, 0, 0, 0, 0, 0, 0, 0, 






