Statistic Type, Task Type, Run 0, Run 1, Run 2, Run 3, Run 4, Run 5, Run 6, Run 7, Run 8, Run 9, Run 10, Run 11, Run 12, Run 13, Run 14, Run 15, Run 16, Run 17, Run 18, Run 19, Run 20, Run 21, Run 22, Run 23, Run 24, Run 25, Run 26, Run 27, Run 28, Run 29, Run 30, Run 31, Run 32, Run 33, Run 34, Run 35, Run 36, Run 37, Run 38, Run 39, Run 40, Run 41, Run 42, Run 43, Run 44, Run 45, Run 46, Run 47, Run 48, Run 49, Run 50, Run 51, Run 52, Run 53, Run 54, Run 55, Run 56, Run 57, Run 58, Run 59, Run 60, Run 61, Run 62, Run 63, Run 64, Run 65, Run 66, Run 67, Run 68, Run 69, Run 70, Run 71, Run 72, Run 73, Run 74, Run 75, Run 76, Run 77, Run 78, Run 79, Run 80, Run 81, Run 82, Run 83, Run 84, Run 85, Run 86, Run 87, Run 88, Run 89, Run 90, Run 91, Run 92, Run 93, Run 94, Run 95, Run 96, Run 97, Run 98, Run 99, Mean, Std Dev
Utilization, 0, 0.343462, 0.335499, 0.344046, 0.360569, 0.327963, 0.330576, 0.329261, 0.33269, 0.336016, 0.356675, 0.314596, 0.35517, 0.361112, 0.347704, 0.342775, 0.31823, 0.316256, 0.373902, 0.366088, 0.326192, 0.369075, 0.353887, 0.33894, 0.3018, 0.346523, 0.355755, 0.281858, 0.340357, 0.345253, 0.364843, 0.347245, 0.360231, 0.321641, 0.337376, 0.302432, 0.339042, 0.32748, 0.277197, 0.317579, 0.359897, 0.330432, 0.354183, 0.300088, 0.354905, 0.323131, 0.353571, 0.348687, 0.286968, 0.362045, 0.369368, 0.340611, 0.274276, 0.342003, 0.26198, 0.29522, 0.310258, 0.345931, 0.362202, 0.337693, 0.344902, 0.355721, 0.346059, 0.328929, 0.325889, 0.341854, 0.3546, 0.31234, 0.341537, 0.31278, 0.347776, 0.338974, 0.350656, 0.336487, 0.350748, 0.336354, 0.357661, 0.348597, 0.307878, 0.362419, 0.35065, 0.278405, 0.350396, 0.280433, 0.278569, 0.254603, 0.272969, 0.305663, 0.356089, 0.354468, 0.34518, 0.330482, 0.354858, 0.304596, 0.262574, 0.301825, 0.33055, 0.331424, 0.353474, 0.35457, 0.341454, 0.332561, 0.027289, 
, 1, 0.302931, 0.0641632, 0, 0, 0, 0, 0.351481, 0, 0, 0, 0.194916, 0, 0, 0, 0, 0.0409897, 0, 0.0293354, 0, 0, 0, 0, 0, 0.423492, 0.102778, 0, 0, 0, 0, 0, 0, 0.199637, 0, 0.0219429, 0, 0, 0, 0, 0, 0, 0, 0.126864, 0.666792, 0, 0, 0, 0, 0, 0, 0, 0, 0, 0, 0, 0.0653698, 1.11913, 0.4548, 0.703059, 0, 0, 0, 0, 0, 0, 0, 0.636768, 0.525318, 0.2702, 0, 0, 0, 0, 0, 0.40853, 0, 0.015834, 0, 0, 0, 0.559155, 0, 0, 0, 0, 0, 0, 1.9198, 0, 0.0293015, 0, 0, 0, 0.728339, 0.126193, 0, 0, 0, 0, 0, 0, 0.100871, 0.27263, 
, 2, 1.69524, 1.64667, 1.4743, 1.32129, 1.41329, 2.02871, 1.4824, 1.68367, 1.98727, 2.11461, 2.52584, 1.76549, 2.28335, 2.02374, 1.86634, 2.36501, 1.8964, 2.35462, 2.0942, 1.99504, 1.75921, 1.88217, 1.8209, 2.37505, 1.84689, 1.5656, 2.22199, 1.8405, 1.93582, 2.14833, 1.51477, 1.73057, 1.81972, 2.4052, 2.31971, 1.61849, 2.29163, 1.82938, 2.25909, 2.47105, 1.92021, 1.72364, 1.5135, 2.3071, 2.28536, 2.12703, 1.83617, 1.92299, 2.12579, 1.83006, 2.32176, 1.94205, 1.91772, 1.70819, 2.03804, 2.05577, 1.83466, 1.84084, 2.19787, 1.92334, 2.24599, 2.04662, 2.02638, 1.35229, 2.14496, 2.53957, 2.17803, 2.01599, 2.10974, 2.48539, 1.57308, 1.9557, 2.38097, 2.35105, 2.13095, 1.64913, 2.0977, 1.77233, 1.53278, 2.05127, 1.87644, 1.91526, 2.13415, 2.42064, 1.46937, 1.7532, 2.46821, 1.80298, 2.64115, 1.92714, 2.08724, 1.51286, 1.84048, 2.12208, 2.04155, 2.13112, 1.59422, 2.19239, 1.64039, 2.12743, 1.97384, 0.297465, 
, 3, 0.0309235, 0.0678947, 0.0681664, 0, 0.0405289, 0.092746, 0.0314117, 0.0478203, 0, 0, 0.0588455, 0, 0, 0, 0.0463059, 0, 0.0658989, 0.0361565, 0, 0.0469673, 0.0650833, 0, 0, 0.0545052, 0.0354141, 0.0202297, 0.0209797, 0.0219887, 0, 0, 0.024057, 0.0299545, 0, 0.0397446, 0.0209881, 0, 0, 0.0421318, 0.0198708, 0, 0, 0, 0.0404541, 0, 0, 0.0400436, 0, 0, 0, 0, 0, 0, 0.0677643, 0, 0.0343292, 0.0392845, 0, 0, 0, 0, 0, 0.0691025, 0, 0.0475456, 0, 0, 0, 0, 0.0212975, 0.0450844, 0, 0, 0.0181358, 0.0324783, 0.0445641, 0.06838, 0.0188698, 0, 0, 0, 0.0245178, 0.0259056, 0, 0, 0, 0, 0.0334274, 0, 0, 0.0449776, 0.0212296, 0, 0, 0.0347588, 0.0448822, 0, 0.0207996, 0, 0, 0.0250885, 0.0189153, 0.0234627, 
, 4, 0.028101, 0.0482891, 0.04842, 0.0431061, 0.0386536, 0.0801771, 0.0507782, 0.0426098, 0, 0.0372757, 0.0666107, 0.0376442, 0, 0, 0.0815115, 0, 0.0654697, 0.0184513, 0.0283016, 0.042395, 0.0469395, 0.036702, 0.0525536, 0.0418598, 0.0348843, 0.0268063, 0.0271664, 0.0576328, 0, 0, 0.0488764, 0.0511528, 0.0299389, 0.020174, 0.0271706, 0.0311699, 0.0372841, 0.0563015, 0.069569, 0, 0.0350716, 0, 0.034753, 0, 0, 0.0349155, 0.0298145, 0, 0, 0.0499935, 0.0388168, 0, 0.0482271, 0.0291939, 0.0365574, 0.0540878, 0, 0, 0, 0.0346367, 0.0309593, 0.0488689, 0, 0.0239201, 0.0809772, 0, 0.0393723, 0, 0.074876, 0.0434978, 0.028701, 0.0673779, 0.0431522, 0.0166847, 0.0442776, 0.0485222, 0.0630531, 0, 0, 0, 0.0128624, 0.0135288, 0, 0, 0, 0, 0.066367, 0.0487659, 0, 0.0226868, 0.0705479, 0, 0.0394112, 0.0177799, 0.0690147, 0.0381035, 0.0270802, 0, 0, 0.0131365, 0.0297357, 0.0241908, 
, 5, 0.179138, 0.172612, 0.185547, 0.190241, 0.232713, 0.168077, 0.130324, 0.198197, 0.198344, 0.0999781, 0.111045, 0.184196, 0.148521, 0.143436, 0.169238, 0.258436, 0.163339, 0.196335, 0.243509, 0.179589, 0.0871407, 0.122961, 0.137386, 0.148681, 0.150291, 0.230891, 0.236815, 0.190989, 0.221161, 0.206525, 0.256592, 0.167734, 0.270768, 0.228158, 0.184123, 0.195032, 0.166589, 0.248751, 0.182112, 0.233008, 0.208861, 0.210208, 0.209531, 0.208311, 0.159641, 0.147541, 0.235154, 0.231958, 0.133769, 0.146205, 0.0784903, 0.235891, 0.17379, 0.189106, 0.151329, 0.249092, 0.157488, 0.163055, 0.227043, 0.144428, 0.150229, 0.193051, 0.182566, 0.181179, 0.170721, 0.0898317, 0.197165, 0.202876, 0.201794, 0.112732, 0.228542, 0.226953, 0.192519, 0.169933, 0.169199, 0.0500774, 0.123533, 0.154108, 0.11406, 0.226436, 0.224822, 0.147238, 0.24561, 0.167353, 0.20852, 0.201578, 0.168478, 0.284208, 0.156396, 0.196154, 0.199346, 0.150809, 0.176886, 0.153001, 0.173463, 0.230103, 0.202202, 0.208534, 0.119304, 0.245345, 0.182763, 0.0446404, 
, 6, 0.0404953, 0.0190784, 0.0537492, 0.0456909, 0.0342022, 0.0686836, 0.0676821, 0.0533752, 0.0673679, 0.0636448, 0.0736391, 0.0552707, 0.0349394, 0.0598201, 0.0685404, 0.0739595, 0.069887, 0.0564363, 0.0472792, 0.0666542, 0.057724, 0.0441214, 0.0534744, 0.0631877, 0.0666807, 0.0707975, 0.0670732, 0.0706757, 0.0539026, 0.0668773, 0.0535691, 0.0590516, 0.0687937, 0.0716048, 0.0573692, 0.0499867, 0.0498452, 0.0317948, 0.0688251, 0.0554603, 0.0376965, 0.0727717, 0.0682743, 0.0456186, 0.0741567, 0.05387, 0.0657724, 0.0682312, 0.0733742, 0.00672302, 0.0432017, 0.0654794, 0.0653248, 0.0634459, 0.0640941, 0.0659569, 0.0658035, 0.0581017, 0.0772253, 0.0209274, 0.0493076, 0.0570148, 0.0691464, 0.0580635, 0.0669662, 0.0642474, 0.0547464, 0.0353176, 0.0715511, 0.06152, 0.0790289, 0.0736263, 0.0298979, 0.0744367, 0.057099, 0.07377, 0.0644163, 0.056351, 0.0631211, 0.0676598, 0.0651526, 0.0641969, 0.047811, 0.0547155, 0.0482925, 0.0657834, 0.0667804, 0.043293, 0.0425206, 0.0558615, 0.0545003, 0.0745119, 0.0648235, 0.0504824, 0.073127, 0.0452359, 0.0523556, 0.0689231, 0.071718, 0.0678085, 0.0586244, 0.0135622, 
, 7, 0.124473, 0.0932457, 0.122969, 0.108311, 0.0891121, 0.128253, 0.126787, 0.117239, 0.109679, 0.126636, 0.0645649, 0.0982812, 0.125002, 0.120359, 0.106075, 0.122309, 0.101837, 0.112934, 0.0883089, 0.130833, 0.118954, 0.11506, 0.105328, 0.113507, 0.130056, 0.0974799, 0.091016, 0.0887497, 0.110706, 0.110772, 0.123675, 0.116784, 0.0784169, 0.0925877, 0.0952553, 0.128208, 0.126714, 0.120526, 0.12433, 0.13145, 0.127729, 0.137507, 0.0945404, 0.107004, 0.110627, 0.123766, 0.121044, 0.107456, 0.123653, 0.134507, 0.115497, 0.109801, 0.116384, 0.0900975, 0.121678, 0.0901615, 0.122413, 0.128933, 0.10757, 0.102781, 0.100928, 0.113194, 0.135689, 0.13577, 0.0956585, 0.108222, 0.116491, 0.0758437, 0.100698, 0.104665, 0.0829716, 0.0896265, 0.124847, 0.115033, 0.122318, 0.129351, 0.118848, 0.126698, 0.126919, 0.122666, 0.10657, 0.113277, 0.118969, 0.134119, 0.102128, 0.111189, 0.130025, 0.12154, 0.110795, 0.124428, 0.133041, 0.104835, 0.107088, 0.122613, 0.128088, 0.106826, 0.0958082, 0.0967581, 0.134194, 0.116116, 0.112948, 0.0151487, 
, 8, 0.072623, 0.11524, 0.120263, 0.0984108, 0.0917002, 0.0539704, 0.0810814, 0.114683, 0.0896294, 0.0783142, 0.126939, 0.110284, 0.0516842, 0.0600854, 0.0728774, 0.0795689, 0.128845, 0.0594489, 0.0429268, 0.102248, 0.114906, 0.111879, 0.102705, 0.0788528, 0.112103, 0.0382862, 0.0393734, 0.0408661, 0.105224, 0.0731508, 0.0719612, 0.0920553, 0.115145, 0.109407, 0.039386, 0.0949587, 0.107367, 0.109383, 0.0478407, 0.0429535, 0.0999187, 0.0746513, 0.0740827, 0.0898091, 0.0967041, 0.0890074, 0.0887392, 0.0600014, 0.0745789, 0.111451, 0.04165, 0.0842072, 0.100419, 0.0458656, 0.103108, 0.0701558, 0.0720917, 0.083514, 0.0889772, 0.096764, 0.0936033, 0.103711, 0.0928596, 0.0948607, 0.0811674, 0.0369129, 0.122978, 0.0445259, 0.0411673, 0.113293, 0.0442263, 0.0500719, 0.124956, 0.0924807, 0.109052, 0.106034, 0.132513, 0.0643785, 0.114922, 0.0940125, 0.0836659, 0.0867719, 0.0885264, 0.0519283, 0.0955062, 0.0375889, 0.0733867, 0.0334429, 0.0147274, 0.111411, 0.0934434, 0.0779388, 0.036264, 0.0560789, 0.130826, 0.0855606, 0.0391111, 0.0489521, 0.0843685, 0.0789266, 0.0821047, 0.0276114, 
Avg Service Time, 0, 3.43462, 3.35499, 3.44046, 3.60569, 3.27963, 3.30576, 3.29261, 3.3269, 3.36016, 3.56675, 3.14596, 3.5517, 3.61112, 3.47704, 3.42775, 3.1823, 3.16256, 3.73902, 3.66088, 3.26192, 3.69075, 3.53887, 3.3894, 3.018, 3.46523, 3.55755, 2.81858, 3.40357, 3.45253, 3.64843, 3.47245, 3.60231, 3.21641, 3.37376, 3.02432, 3.39042, 3.2748, 2.77197, 3.17579, 3.59897, 3.30432, 3.54183, 3.00088, 3.54905, 3.23131, 3.53571, 3.48687, 2.86968, 3.62045, 3.69368, 3.40611, 2.74276, 3.42003, 2.6198, 2.9522, 3.10258, 3.45931, 3.62202, 3.37693, 3.44901, 3.55721, 3.46059, 3.28929, 3.25889, 3.41854, 3.546, 3.1234, 3.41537, 3.1278, 3.47776, 3.38974, 3.50656, 3.36487, 3.50748, 3.36354, 3.57661, 3.48597, 3.07878, 3.62419, 3.5065, 2.78405, 3.50396, 2.80433, 2.78569, 2.54603, 2.72968, 3.05663, 3.56088, 3.54468, 3.4518, 3.30482, 3.54858, 3.04596, 2.62574, 3.01825, 3.3055, 3.31424, 3.53474, 3.5457, 3.41454, 3.32561, 0.27289, 
, 1, 3.02931, 0.641632, 0, 0, 0, 0, 3.51481, 0, 0, 0, 1.94916, 0, 0, 0, 0, 0.409897, 0, 0.293354, 0, 0, 0, 0, 0, 4.23492, 1.02778, 0, 0, 0, 0, 0, 0, 1.99637, 0, 0.219429, 0, 0, 0, 0, 0, 0, 0, 1.26864, 6.66792, 0, 0, 0, 0, 0, 0, 0, 0, 0, 0, 0, 0.653698, 11.1913, 4.548, 7.03059, 0, 0, 0, 0, 0, 0, 0, 6.36768, 5.25318, 2.702, 0, 0, 0, 0, 0, 4.0853, 0, 0.15834, 0, 0, 0, 5.59155, 0, 0, 0, 0, 0, 0, 19.198, 0, 0.293015, 0, 0, 0, 7.28339, 1.26193, 0, 0, 0, 0, 0, 0, 1.00871, 2.7263, 
, 2, 16.9524, 16.4667, 14.743, 13.2129, 14.1329, 20.2871, 14.824, 16.8367, 19.8727, 21.1461, 25.2584, 17.6549, 22.8335, 20.2374, 18.6634, 23.6501, 18.964, 23.5462, 20.942, 19.9504, 17.5921, 18.8217, 18.209, 23.7505, 18.4689, 15.6559, 22.2199, 18.405, 19.3582, 21.4833, 15.1477, 17.3057, 18.1972, 24.052, 23.1971, 16.1849, 22.9163, 18.2938, 22.5909, 24.7105, 19.2021, 17.2364, 15.135, 23.071, 22.8536, 21.2703, 18.3617, 19.2299, 21.2579, 18.3006, 23.2176, 19.4205, 19.1772, 17.0819, 20.3804, 20.5577, 18.3466, 18.4084, 21.9787, 19.2334, 22.4599, 20.4662, 20.2638, 13.5229, 21.4496, 25.3957, 21.7803, 20.1599, 21.0974, 24.8539, 15.7308, 19.557, 23.8097, 23.5105, 21.3095, 16.4913, 20.977, 17.7233, 15.3278, 20.5127, 18.7644, 19.1526, 21.3415, 24.2064, 14.6937, 17.532, 24.6821, 18.0298, 26.4115, 19.2714, 20.8724, 15.1286, 18.4048, 21.2208, 20.4155, 21.3112, 15.9422, 21.9239, 16.4039, 21.2743, 19.7384, 2.97465, 
, 3, 0.309235, 0.678947, 0.681664, 0, 0.405289, 0.92746, 0.314117, 0.478203, 0, 0, 0.588455, 0, 0, 0, 0.463058, 0, 0.658989, 0.361565, 0, 0.469673, 0.650833, 0, 0, 0.545052, 0.354141, 0.202297, 0.209797, 0.219887, 0, 0, 0.24057, 0.299545, 0, 0.397446, 0.209881, 0, 0, 0.421318, 0.198708, 0, 0, 0, 0.404541, 0, 0, 0.400436, 0, 0, 0, 0, 0, 0, 0.677643, 0, 0.343292, 0.392845, 0, 0, 0, 0, 0, 0.691025, 0, 0.475456, 0, 0, 0, 0, 0.212975, 0.450844, 0, 0, 0.181358, 0.324783, 0.445641, 0.6838, 0.188698, 0, 0, 0, 0.245178, 0.259056, 0, 0, 0, 0, 0.334274, 0, 0, 0.449776, 0.212296, 0, 0, 0.347588, 0.448822, 0, 0.207996, 0, 0, 0.250885, 0.189153, 0.234627, 
, 4, 0.28101, 0.482891, 0.4842, 0.431061, 0.386536, 0.801771, 0.507782, 0.426098, 0, 0.372757, 0.666107, 0.376442, 0, 0, 0.815115, 0, 0.654697, 0.184513, 0.283016, 0.42395, 0.469395, 0.36702, 0.525536, 0.418598, 0.348843, 0.268063, 0.271664, 0.576328, 0, 0, 0.488764, 0.511528, 0.299389, 0.20174, 0.271706, 0.311699, 0.372841, 0.563015, 0.69569, 0, 0.350716, 0, 0.34753, 0, 0, 0.349155, 0.298145, 0, 0, 0.499935, 0.388168, 0, 0.482271, 0.291939, 0.365574, 0.540878, 0, 0, 0, 0.346367, 0.309593, 0.488689, 0, 0.239201, 0.809772, 0, 0.393723, 0, 0.74876, 0.434978, 0.28701, 0.673779, 0.431522, 0.166847, 0.442776, 0.485222, 0.630531, 0, 0, 0, 0.128624, 0.135288, 0, 0, 0, 0, 0.66367, 0.487659, 0, 0.226868, 0.705479, 0, 0.394112, 0.177799, 0.690147, 0.381035, 0.270802, 0, 0, 0.131365, 0.297357, 0.241908, 
, 5, 1.79138, 1.72612, 1.85547, 1.90241, 2.32713, 1.68077, 1.30324, 1.98197, 1.98344, 0.999781, 1.11045, 1.84196, 1.48521, 1.43436, 1.69238, 2.58436, 1.63339, 1.96335, 2.43509, 1.79589, 0.871407, 1.22961, 1.37386, 1.48681, 1.50291, 2.30891, 2.36815, 1.90989, 2.21161, 2.06525, 2.56592, 1.67734, 2.70768, 2.28158, 1.84123, 1.95032, 1.66589, 2.48751, 1.82112, 2.33008, 2.08861, 2.10208, 2.09531, 2.08311, 1.59641, 1.47541, 2.35154, 2.31958, 1.33769, 1.46205, 0.784903, 2.35891, 1.7379, 1.89106, 1.51329, 2.49092, 1.57488, 1.63055, 2.27043, 1.44428, 1.50229, 1.93051, 1.82566, 1.81179, 1.70721, 0.898317, 1.97165, 2.02876, 2.01794, 1.12732, 2.28542, 2.26953, 1.92519, 1.69934, 1.69199, 0.500774, 1.23533, 1.54108, 1.1406, 2.26436, 2.24822, 1.47238, 2.4561, 1.67353, 2.0852, 2.01578, 1.68478, 2.84208, 1.56396, 1.96154, 1.99346, 1.50809, 1.76886, 1.53001, 1.73463, 2.30103, 2.02202, 2.08534, 1.19304, 2.45345, 1.82763, 0.446404, 
, 6, 0.404953, 0.190784, 0.537492, 0.456909, 0.342022, 0.686836, 0.676821, 0.533752, 0.673679, 0.636448, 0.736391, 0.552707, 0.349394, 0.598201, 0.685404, 0.739595, 0.69887, 0.564363, 0.472792, 0.666542, 0.57724, 0.441214, 0.534744, 0.631877, 0.666807, 0.707975, 0.670732, 0.706757, 0.539026, 0.668773, 0.535691, 0.590516, 0.687937, 0.716048, 0.573692, 0.499866, 0.498452, 0.317948, 0.688251, 0.554603, 0.376965, 0.727717, 0.682743, 0.456186, 0.741567, 0.5387, 0.657724, 0.682312, 0.733742, 0.0672302, 0.432017, 0.654794, 0.653248, 0.634459, 0.640941, 0.659569, 0.658035, 0.581017, 0.772253, 0.209274, 0.493076, 0.570148, 0.691464, 0.580635, 0.669662, 0.642474, 0.547464, 0.353176, 0.715511, 0.6152, 0.790289, 0.736263, 0.298979, 0.744367, 0.57099, 0.7377, 0.644163, 0.56351, 0.631211, 0.676598, 0.651526, 0.641969, 0.47811, 0.547155, 0.482924, 0.657834, 0.667804, 0.43293, 0.425206, 0.558615, 0.545003, 0.745119, 0.648235, 0.504824, 0.73127, 0.452359, 0.523556, 0.689231, 0.71718, 0.678085, 0.586244, 0.135622, 
, 7, 1.24473, 0.932457, 1.22969, 1.08311, 0.891121, 1.28253, 1.26787, 1.17239, 1.09679, 1.26636, 0.645649, 0.982812, 1.25002, 1.20359, 1.06075, 1.22309, 1.01837, 1.12934, 0.883089, 1.30833, 1.18954, 1.1506, 1.05328, 1.13507, 1.30056, 0.974799, 0.91016, 0.887497, 1.10706, 1.10772, 1.23675, 1.16784, 0.784169, 0.925877, 0.952553, 1.28208, 1.26714, 1.20526, 1.2433, 1.3145, 1.27729, 1.37507, 0.945404, 1.07004, 1.10627, 1.23766, 1.21044, 1.07456, 1.23653, 1.34507, 1.15497, 1.09801, 1.16384, 0.900975, 1.21678, 0.901615, 1.22413, 1.28933, 1.0757, 1.02781, 1.00928, 1.13194, 1.35689, 1.3577, 0.956585, 1.08222, 1.16491, 0.758437, 1.00698, 1.04665, 0.829716, 0.896265, 1.24847, 1.15033, 1.22318, 1.29351, 1.18848, 1.26698, 1.26919, 1.22666, 1.0657, 1.13277, 1.18969, 1.34119, 1.02128, 1.11189, 1.30025, 1.2154, 1.10795, 1.24428, 1.33041, 1.04835, 1.07088, 1.22613, 1.28088, 1.06826, 0.958082, 0.967581, 1.34194, 1.16116, 1.12948, 0.151487, 
, 8, 0.72623, 1.1524, 1.20263, 0.984108, 0.917002, 0.539704, 0.810814, 1.14683, 0.896294, 0.783142, 1.26939, 1.10284, 0.516842, 0.600854, 0.728774, 0.795689, 1.28845, 0.594489, 0.429268, 1.02248, 1.14906, 1.11879, 1.02705, 0.788528, 1.12103, 0.382862, 0.393734, 0.408661, 1.05224, 0.731508, 0.719612, 0.920553, 1.15145, 1.09407, 0.39386, 0.949587, 1.07367, 1.09383, 0.478407, 0.429535, 0.999187, 0.746513, 0.740827, 0.898091, 0.967041, 0.890074, 0.887392, 0.600014, 0.745789, 1.11451, 0.4165, 0.842072, 1.00419, 0.458656, 1.03108, 0.701558, 0.720917, 0.83514, 0.889772, 0.96764, 0.936033, 1.03711, 0.928596, 0.948606, 0.811674, 0.369129, 1.22978, 0.445259, 0.411673, 1.13293, 0.442263, 0.500719, 1.24956, 0.924807, 1.09052, 1.06034, 1.32513, 0.643785, 1.14922, 0.940125, 0.836659, 0.867719, 0.885264, 0.519283, 0.955062, 0.375889, 0.733867, 0.334429, 0.147274, 1.11411, 0.934434, 0.779388, 0.36264, 0.560789, 1.30826, 0.855606, 0.391111, 0.489521, 0.843685, 0.789266, 0.821047, 0.276114, 
Avg Wait Time, 0, 8.03585, 2.63695, 2.60599, 4.81045, 5.58325, 5.67635, 8.34137, 7.2164, 3.83451, 2.21141, 4.80674, 5.58272, 2.48189, 3.1448, 4.81869, 2.86829, 5.821, 5.23576, 3.23458, 7.52329, 9.40515, 4.43008, 3.398, 4.64783, 7.38399, 4.43097, 2.63554, 2.40619, 8.38276, 5.11139, 1.45407, 4.25734, 0.935484, 4.32386, 4.31903, 10.5512, 5.57605, 4.19803, 4.4139, 6.09826, 1.67485, 5.54151, 3.0507, 8.1637, 5.70668, 0.553768, 4.88513, 6.09996, 5.82942, 3.96221, 5.24725, 3.73078, 2.55352, 4.19096, 1.70182, 19.5576, 1.62574, 4.72604, 5.45354, 2.527, 2.78075, 1.22523, 4.03944, 3.51437, 7.88212, 17.8393, 4.16639, 8.17591, 7.25696, 4.15164, 4.10461, 5.48298, 1.13232, 2.34937, 6.82614, 1.79215, 8.23248, 3.51258, 7.72991, 20.5402, 2.09187, 7.84764, 5.77579, 4.70858, 0.826347, 1.29186, 28.7974, 3.18508, 9.56121, 5.4475, 2.73656, 2.77109, 14.275, 2.67474, 2.71983, 5.84145, 1.33216, 4.26433, 2.85699, 4.10655, 5.27458, 4.20866, 
, 1, 0.0114784, 0, 0, 0, 0, 0, 0, 0, 0, 0, 0, 0, 0, 0, 0, 0.176041, 0, 0, 0, 0, 0, 0, 0, 0, 0, 0, 0, 0, 0, 0, 0, 0, 0, 0, 0, 0, 0, 0, 0, 0, 0, 1.02125, 0, 0, 0, 0, 0, 0, 0, 0, 0, 0, 0, 0, 0.676132, 0, 0, 0, 0, 0, 0, 0, 0, 0, 0, 0.699341, 0, 0.620338, 0, 0, 0, 0, 0, 0, 0, 0, 0, 0, 0, 0.212036, 0, 0, 0, 0, 0, 0, 0, 0, 0, 0, 0, 0, 0, 0.021389, 0, 0, 0, 0, 0, 0, 0.03438, 0.153489, 
, 2, 3.70006, 3.96043, 0.984573, 0.879064, 4.54526, 1.86521, 1.43905, 3.81967, 2.36071, 9.0657, 7.20907, 4.42217, 5.80081, 5.47185, 3.94686, 1.24947, 7.81241, 7.44077, 2.10673, 5.24015, 1.76392, 3.51152, 6.57028, 4.72682, 3.35598, 2.61885, 2.7777, 1.59617, 7.10844, 2.8029, 4.121, 0.107773, 5.53818, 9.72077, 5.1468, 2.72188, 7.26029, 4.05083, 2.96217, 2.23782, 5.95787, 3.00207, 7.38762, 8.43442, 2.96911, 2.45025, 4.56515, 4.52917, 10.4467, 1.89601, 5.50089, 1.97565, 0.672485, 1.70361, 3.83626, 9.29744, 4.48075, 22.0786, 2.10304, 5.09747, 4.70522, 2.98286, 6.39794, 3.63599, 8.01384, 24.6054, 10.9311, 10.221, 7.71693, 3.4339, 1.99343, 2.85295, 6.86557, 6.12402, 7.15026, 5.32698, 10.1308, 7.409, 3.33353, 22.3441, 2.79532, 6.138, 5.88112, 6.34239, 5.40029, 3.12378, 33.9871, 3.94494, 7.28568, 4.53273, 8.42789, 2.85388, 11.6432, 7.82474, 4.14585, 4.87021, 3.80551, 3.58554, 2.36714, 9.75975, 5.67294, 4.95161, 
, 3, 0.0329437, 0, 1.01846, 0, 0, 1.25446, 1.56453, 0.353561, 0, 0, 0, 0, 0, 0, 0, 0, 1.351, 0.0503464, 0, 0, 0.29911, 0, 0, 0, 2.07069, 0.113651, 0, 0, 0, 0, 0, 0, 0, 0, 0, 0, 0, 0.0218048, 0.0121574, 0, 0, 0, 0.370895, 0, 0, 0, 0, 0, 0, 0, 0, 0, 0, 0, 0, 0.184105, 0, 0, 0, 0, 0, 0, 0, 0, 0, 0, 0, 0, 1.24821, 0.376595, 0, 0, 0, 1.42737, 0, 0.831062, 0.0523567, 0, 0, 0, 0, 0, 0, 0, 0, 0, 0, 0, 0, 0, 0, 0, 0, 0, 0, 0, 0, 0, 0, 0.114388, 0.127477, 0.381298, 
, 4, 4.05623, 0, 0, 0, 0, 0, 0, 0, 0, 0, 0, 0, 0, 0, 0, 0, 0, 0, 0.305847, 0, 0, 0, 0.0273933, 0, 0, 0.0613213, 0.0512733, 0.0924644, 0, 0, 0, 0.0282516, 0, 0, 0.051239, 0, 0, 0, 0.105473, 0, 0, 0, 0, 0, 0, 0, 0, 0, 0, 0, 0, 0, 0, 0.327538, 0, 0.805298, 0, 0, 0, 0, 0, 0, 0, 0, 0.0521049, 0, 0.0316544, 0, 0.0512352, 0, 0.195007, 0.183559, 0.151844, 0, 0, 0, 0.110771, 0, 0, 0, 0, 0, 0, 0, 0, 0, 18.3611, 0, 0, 0, 0, 0, 0, 0, 0.0697746, 0, 0.0524559, 0, 0, 0, 0.251719, 1.87554, 
, 5, 0.5154, 1.89917, 1.29491, 2.33392, 0.160821, 0.789379, 4.0731, 1.91226, 0, 0, 2.63365, 0, 0.658276, 0, 0.198509, 0.312407, 0, 0, 1.40201, 0.0615692, 0.288292, 0.118805, 0, 0.575621, 0.067626, 1.88896, 1.50425, 3.63594, 0, 0, 0.611187, 0, 0.106728, 0.143212, 1.22989, 4.44839, 0, 0.305321, 0, 0.385843, 0, 1.00082, 1.63942, 0.900295, 0.763416, 0.349838, 7.46045, 0, 0.200291, 3.68782, 0.865143, 1.41884, 0.110649, 3.64996, 0.0926285, 1.67384, 0.344151, 6.97319, 0.158382, 0.243523, 1.9335, 0, 0.969231, 0.14246, 0.216175, 0, 0.660912, 0.106552, 1.994, 2.14308, 0.0391541, 2.91588, 0.118328, 4.28751, 0, 0, 0.300011, 0, 0.422173, 7.1864, 0.493084, 0, 0.379471, 0.122463, 0.255348, -3.8147e-06, 24.4138, 1.31744, 1.68951, 0.15285, 2.93251, 0, 1.70129, 0.617737, 1.01452, 1.28813, 1.70433, 0.60738, 0, 1.79401, 1.29007, 2.79494, 
, 6, 0, 0.399675, 0.0812435, 0, 0.0989227, 2.89905, 0.12793, 1.7671, 2.06592, 0.475845, 2.76469, 0.323645, 4.79134, 2.09631, 2.93498, 0, 5.11566, 0.366765, 0.157833, 0.360161, 0, 0.680856, 0.213387, 1.38437, 0.427883, 0.870361, 0.0844116, 0.632463, 3.31264, 4.66253, 1.26319, 1.55245, 0, 0.214949, 0.229609, 0.439056, 0, 0.40904, 0.172371, 1.73586, 0, 0.0869446, 7.32082, 5.56986, 7.00039, 1.30229, 0.0283585, 0, 0.506219, 0, 0, 1.85636, 1.59072, 0.239347, 0.285931, 7.83678, 0.235229, 0.749771, 1.33325, 0.0197067, 0, 1.36956, 1.66111, 0, 1.42346, 1.29586, 0.0558896, 0, 0.189346, 4.08885, 0.234076, 1.0998, -1.90735e-06, 0.771917, 2.36881, 0, 1.3983, 2.0949, 1.04432, 0.0154037, 2.33283, 2.54267, 2.08259, 0, 1.18665, 1.38771, 22.3335, 0.0334015, 0, 0.219652, 1.63088, 1.52479, 0.221584, 0.54213, 0.39465, 0.197349, 0.435375, 6.49551, 3.00465, 0.99694, 1.47749, 2.72277, 
, 7, 3.20495, 1.33536, 0.556974, 0.17997, 0.940475, 2.17835, 1.63934, 0.310627, 2.96191, 3.07967, 1.71276, 0, 6.01784, 0.40316, 3.80954, 0, 0.0523109, 4.55832, 2.16135, 0.254252, 3.65534, 0.0134315, 0.0549676, 1.71128, 1.37044, 0.161243, 1.04377, 0.786079, 0.233131, 1.63922, 1.42176, 6.81124, 0, 1.65336, 2.87298, 2.17254, 3.93275, 2.44755, 3.61527, 2.15543, 2.52238, 2.48455, 0, 1.27094, 2.54295, 0.488438, 0, 3.86479, 2.52569, 3.54394, 1.34058, 3.09788, 1.67165, 1.67994, 1.10017, 1.11892, 7.97696, 17.2916, 3.21798, 1.28058, 2.49505, 5.07158, 1.52071, 1.58195, 0, 5.08751, 4.79159, 4.45368, 0.908754, 2.71656, 0.0143051, 1.9775, 1.99027, 1.5169, 7.26679, 1.60502, 5.79363, 2.29672, 3.74541, 3.62176, 1.76995, 3.50201, 1.69215, 3.7958, 0.649353, 2.04678, 27.5521, 2.12403, 2.69234, 0.613827, 2.24774, 3.27477, 8.88544, 2.30461, 1.37868, 0.490715, 1.65761, 1.82701, 2.67675, 0.774191, 2.6254, 3.44313, 
, 8, 0, 0.00386429, 0, 0, 0.948929, 0, 1.70135, 1.19806, 0, 0, 2.04222, 1.84447, 0, 0, 1.77367, 0.244144, 5.68198, 0.132511, 0.326172, 0, 1.42231, 0.0495758, 2.58496, 4.91884, 2.11051, 0.477745, 0, 0.583618, 0.0680428, 0.204987, 0, 1.4743, 0, 0.812516, 0.622324, 0.293476, 2.57544, 1.18853, 2.4841, 0, 1.86863, 0, 2.2653, 4.52556, 2.72854, 0.649254, 0, 0, 0, 0, 0, 0, 0, 0, 2.02647, 2.52827, 3.8147e-06, 0, 0, 2.46497, 0.585358, 0.224226, 1.23569, 0, 2.41592, 0.0914268, 0, 0, 2.06711, 1.46752, 0.786491, 0.383171, 1.48238, 2.20732, 1.70577, 0, 1.27774, 0.00434875, 0, 0.228195, 1.19417, 0.439394, 0.151272, 0, 0.352951, 0, 30.2073, 1.53455, 0, 0.283102, 0.0514297, 0, 0, 0.199417, 2.76445, 0.467255, 0.558638, 0, 0.17144, 0, 1.11364, 3.15426, 
Number In, 0, 31, 20, 23, 30, 34, 23, 27, 30, 25, 28, 33, 32, 19, 31, 34, 26, 29, 45, 28, 32, 30, 37, 23, 19, 33, 36, 24, 22, 35, 28, 31, 37, 21, 35, 22, 34, 30, 21, 31, 23, 23, 36, 24, 33, 28, 28, 30, 22, 31, 36, 34, 28, 26, 19, 23, 27, 27, 21, 37, 31, 30, 19, 17, 23, 33, 32, 28, 30, 30, 34, 32, 46, 30, 23, 34, 32, 36, 18, 35, 28, 19, 27, 26, 20, 13, 22, 23, 34, 33, 26, 21, 34, 23, 22, 29, 30, 18, 28, 31, 24, 28.09, 6.06213, 
, 1, 1, 1, 0, 0, 0, 0, 1, 0, 0, 0, 1, 0, 0, 0, 0, 1, 0, 1, 0, 0, 0, 0, 0, 1, 1, 0, 0, 0, 0, 0, 0, 1, 0, 1, 0, 0, 0, 0, 0, 0, 0, 1, 1, 0, 0, 0, 0, 0, 0, 0, 0, 1, 0, 0, 1, 1, 1, 1, 0, 0, 0, 0, 0, 0, 0, 1, 1, 1, 0, 0, 0, 0, 0, 1, 0, 1, 0, 0, 0, 1, 0, 0, 0, 0, 0, 0, 1, 0, 1, 0, 0, 0, 1, 1, 0, 0, 0, 0, 0, 0, 0.27, 0.446196, 
, 2, 20, 14, 11, 15, 16, 18, 11, 15, 20, 26, 30, 15, 26, 24, 17, 23, 23, 26, 21, 25, 15, 19, 19, 30, 20, 15, 21, 16, 22, 21, 14, 13, 20, 29, 24, 14, 26, 20, 22, 24, 19, 18, 19, 28, 24, 20, 21, 20, 25, 18, 24, 17, 17, 15, 22, 26, 17, 20, 22, 21, 25, 18, 23, 13, 24, 27, 21, 24, 22, 26, 14, 22, 27, 25, 23, 21, 28, 20, 14, 20, 16, 18, 22, 27, 14, 20, 28, 19, 32, 19, 23, 14, 18, 25, 21, 22, 15, 22, 15, 28, 20.68, 4.65991, 
, 3, 1, 2, 2, 0, 1, 4, 1, 1, 0, 0, 2, 0, 0, 0, 2, 0, 3, 1, 0, 1, 2, 0, 0, 2, 1, 1, 1, 1, 0, 0, 2, 1, 0, 1, 1, 0, 0, 1, 1, 0, 0, 0, 1, 0, 0, 2, 0, 0, 0, 0, 0, 0, 2, 0, 1, 1, 0, 0, 0, 0, 0, 2, 0, 1, 0, 0, 0, 0, 1, 1, 0, 0, 1, 1, 1, 2, 1, 0, 0, 0, 1, 1, 0, 0, 0, 0, 1, 0, 0, 1, 1, 0, 0, 1, 1, 0, 1, 0, 0, 1, 0.63, 0.799685, 
, 4, 2, 2, 2, 2, 2, 4, 2, 2, 0, 1, 3, 1, 0, 0, 5, 0, 3, 1, 1, 2, 2, 1, 2, 2, 2, 1, 1, 2, 0, 0, 2, 2, 1, 1, 1, 1, 1, 2, 3, 0, 1, 0, 2, 0, 0, 2, 1, 0, 0, 2, 1, 0, 2, 1, 2, 3, 0, 0, 0, 1, 1, 2, 0, 1, 4, 0, 1, 0, 4, 2, 1, 3, 2, 1, 2, 2, 3, 0, 0, 0, 1, 1, 0, 0, 0, 0, 3, 2, 0, 1, 4, 0, 1, 1, 3, 1, 1, 0, 0, 1, 1.29, 1.15728, 
, 5, 7, 7, 8, 6, 8, 5, 5, 6, 6, 5, 4, 7, 6, 5, 6, 11, 6, 8, 9, 8, 4, 4, 4, 5, 5, 10, 9, 8, 10, 8, 10, 7, 11, 12, 7, 7, 7, 11, 6, 11, 8, 8, 8, 8, 6, 4, 10, 9, 5, 4, 3, 10, 9, 8, 5, 10, 5, 6, 8, 6, 6, 8, 6, 8, 5, 3, 8, 7, 7, 4, 10, 8, 6, 7, 6, 2, 4, 5, 4, 9, 9, 7, 11, 7, 8, 8, 6, 10, 5, 8, 7, 6, 7, 7, 8, 11, 8, 8, 4, 10, 7.07, 2.15207, 
, 6, 2, 3, 8, 3, 6, 8, 6, 6, 5, 9, 4, 12, 6, 5, 7, 7, 10, 2, 4, 8, 5, 10, 14, 5, 5, 8, 6, 8, 5, 11, 6, 5, 5, 8, 6, 4, 6, 5, 11, 7, 5, 5, 8, 6, 9, 8, 7, 6, 11, 2, 6, 8, 7, 5, 6, 5, 4, 5, 6, 2, 4, 6, 8, 5, 7, 9, 7, 3, 3, 12, 7, 8, 5, 5, 9, 7, 7, 4, 5, 8, 8, 5, 4, 5, 5, 7, 6, 11, 6, 6, 4, 7, 10, 2, 9, 9, 5, 7, 13, 5, 6.45, 2.46747, 
, 7, 17, 7, 12, 11, 11, 7, 10, 14, 18, 16, 5, 8, 15, 14, 13, 8, 13, 10, 15, 16, 10, 11, 13, 10, 12, 11, 19, 10, 15, 13, 17, 12, 10, 11, 11, 20, 14, 17, 15, 11, 14, 15, 7, 11, 12, 14, 13, 12, 11, 17, 15, 11, 12, 16, 12, 13, 17, 19, 15, 18, 14, 13, 18, 21, 13, 12, 13, 14, 16, 9, 16, 13, 18, 17, 19, 15, 15, 19, 18, 15, 14, 16, 20, 16, 15, 15, 8, 17, 12, 14, 16, 13, 16, 12, 16, 14, 9, 14, 14, 15, 13.7, 3.22709, 
, 8, 5, 7, 7, 5, 6, 5, 6, 6, 5, 4, 9, 8, 4, 4, 7, 3, 11, 3, 2, 6, 8, 7, 8, 6, 8, 2, 2, 2, 6, 5, 4, 7, 5, 4, 2, 5, 5, 5, 4, 3, 6, 2, 4, 7, 7, 9, 6, 3, 4, 7, 2, 3, 6, 2, 8, 4, 2, 3, 5, 5, 5, 6, 6, 3, 8, 4, 4, 2, 3, 7, 2, 4, 7, 5, 6, 7, 5, 5, 6, 3, 4, 5, 5, 4, 7, 2, 6, 3, 2, 5, 6, 4, 2, 3, 7, 5, 2, 4, 5, 3, 4.88, 1.97602, 
Number Out, 0, 31, 20, 23, 30, 34, 23, 27, 30, 25, 28, 33, 32, 19, 31, 34, 26, 27, 45, 28, 32, 30, 37, 23, 19, 33, 36, 24, 22, 35, 28, 30, 37, 21, 35, 22, 34, 30, 21, 31, 23, 23, 36, 23, 33, 28, 28, 30, 22, 31, 36, 34, 22, 25, 19, 23, 27, 26, 21, 36, 31, 30, 19, 15, 23, 33, 32, 27, 30, 30, 34, 32, 46, 30, 23, 34, 31, 36, 18, 35, 28, 19, 27, 26, 20, 13, 22, 23, 33, 33, 26, 21, 33, 23, 22, 28, 30, 18, 28, 31, 23, 27.88, 6.11056, 
, 1, 1, 1, 0, 0, 0, 0, 1, 0, 0, 0, 1, 0, 0, 0, 0, 1, 0, 1, 0, 0, 0, 0, 0, 1, 1, 0, 0, 0, 0, 0, 0, 1, 0, 1, 0, 0, 0, 0, 0, 0, 0, 1, 1, 0, 0, 0, 0, 0, 0, 0, 0, 0, 0, 0, 1, 1, 1, 1, 0, 0, 0, 0, 0, 0, 0, 1, 1, 1, 0, 0, 0, 0, 0, 1, 0, 1, 0, 0, 0, 1, 0, 0, 0, 0, 0, 0, 1, 0, 1, 0, 0, 0, 1, 1, 0, 0, 0, 0, 0, 0, 0.26, 0.440844, 
, 2, 20, 14, 11, 15, 15, 18, 11, 15, 20, 25, 29, 15, 26, 24, 17, 23, 21, 26, 21, 21, 13, 18, 19, 28, 19, 14, 21, 16, 21, 21, 14, 13, 20, 29, 24, 14, 26, 18, 22, 24, 19, 18, 17, 27, 24, 20, 19, 20, 25, 18, 24, 17, 16, 15, 22, 26, 17, 19, 21, 21, 25, 18, 22, 13, 24, 26, 21, 24, 22, 26, 14, 21, 26, 25, 23, 19, 28, 18, 14, 20, 15, 18, 22, 27, 14, 20, 28, 18, 31, 18, 23, 13, 17, 25, 20, 22, 14, 22, 15, 27, 20.24, 4.62125, 
, 3, 1, 2, 2, 0, 1, 4, 1, 1, 0, 0, 2, 0, 0, 0, 2, 0, 3, 1, 0, 1, 2, 0, 0, 2, 1, 1, 1, 1, 0, 0, 1, 1, 0, 1, 1, 0, 0, 1, 1, 0, 0, 0, 1, 0, 0, 2, 0, 0, 0, 0, 0, 0, 2, 0, 1, 1, 0, 0, 0, 0, 0, 2, 0, 1, 0, 0, 0, 0, 1, 1, 0, 0, 1, 1, 1, 2, 1, 0, 0, 0, 1, 1, 0, 0, 0, 0, 1, 0, 0, 1, 1, 0, 0, 1, 1, 0, 1, 0, 0, 1, 0.62, 0.788555, 
, 4, 2, 2, 2, 2, 2, 4, 2, 2, 0, 1, 3, 1, 0, 0, 5, 0, 3, 1, 1, 2, 2, 1, 2, 2, 2, 1, 1, 2, 0, 0, 2, 2, 1, 1, 1, 1, 1, 2, 3, 0, 1, 0, 2, 0, 0, 2, 1, 0, 0, 2, 1, 0, 2, 1, 2, 3, 0, 0, 0, 1, 1, 2, 0, 1, 4, 0, 1, 0, 4, 2, 1, 3, 2, 1, 2, 2, 3, 0, 0, 0, 1, 1, 0, 0, 0, 0, 3, 2, 0, 1, 4, 0, 1, 1, 3, 1, 1, 0, 0, 1, 1.29, 1.15728, 
, 5, 7, 7, 8, 6, 8, 5, 5, 6, 6, 5, 4, 7, 6, 5, 6, 11, 6, 8, 9, 7, 4, 4, 4, 5, 5, 10, 9, 8, 10, 8, 10, 7, 11, 10, 7, 7, 7, 11, 6, 11, 8, 8, 8, 8, 6, 4, 10, 9, 5, 4, 3, 10, 8, 8, 5, 10, 5, 6, 8, 6, 6, 8, 6, 8, 5, 3, 8, 7, 7, 4, 10, 8, 6, 7, 6, 2, 4, 5, 4, 9, 9, 7, 11, 7, 8, 8, 6, 10, 5, 8, 7, 5, 7, 7, 8, 11, 8, 8, 4, 10, 7.02, 2.11288, 
, 6, 2, 3, 8, 3, 6, 8, 6, 6, 5, 9, 4, 12, 6, 5, 7, 7, 10, 2, 4, 8, 5, 10, 14, 5, 5, 8, 6, 8, 5, 11, 6, 5, 5, 8, 6, 4, 6, 5, 11, 7, 5, 5, 8, 6, 9, 8, 7, 6, 11, 2, 6, 8, 7, 5, 6, 5, 4, 5, 6, 2, 4, 6, 8, 5, 7, 9, 7, 3, 3, 12, 7, 8, 5, 5, 9, 7, 7, 4, 5, 8, 8, 5, 4, 5, 5, 7, 6, 11, 6, 6, 4, 7, 10, 2, 9, 9, 5, 7, 13, 5, 6.45, 2.46747, 
, 7, 17, 7, 12, 11, 11, 7, 10, 14, 18, 16, 5, 8, 15, 14, 13, 8, 12, 10, 15, 16, 10, 11, 13, 10, 12, 10, 19, 10, 15, 13, 17, 12, 10, 11, 11, 20, 14, 17, 15, 11, 14, 15, 7, 11, 12, 14, 13, 12, 11, 17, 15, 10, 11, 16, 12, 13, 17, 19, 15, 18, 14, 13, 18, 21, 13, 12, 13, 14, 16, 9, 16, 13, 18, 17, 19, 15, 15, 19, 18, 15, 14, 16, 20, 16, 15, 15, 8, 17, 12, 14, 16, 13, 16, 12, 16, 14, 9, 14, 14, 14, 13.65, 3.25476, 
, 8, 5, 7, 7, 5, 6, 5, 5, 6, 5, 4, 9, 8, 4, 4, 7, 3, 11, 3, 2, 5, 8, 7, 8, 6, 8, 2, 2, 2, 6, 5, 4, 7, 5, 4, 2, 5, 5, 5, 4, 3, 6, 2, 4, 7, 7, 9, 6, 3, 4, 7, 2, 3, 6, 2, 8, 4, 2, 3, 5, 5, 5, 6, 6, 3, 8, 4, 4, 2, 3, 7, 2, 4, 7, 5, 6, 7, 5, 5, 6, 3, 4, 5, 5, 4, 7, 2, 6, 3, 2, 5, 6, 4, 2, 3, 7, 5, 2, 4, 5, 3, 4.86, 1.96957, 
