Statistic, Task, 0 min, 10 min, 20 min, 30 min, 40 min, 50 min, 60 min, 70 min, 80 min, 90 min, 100 min, 110 min, 120 min, 130 min, 140 min, 150 min, 160 min, 170 min, 180 min, 190 min, 200 min, 210 min, 220 min, 230 min, Sum
Utilization, 0, 0.0576163, 0.0400193, 0.0526061, 0.0226824, 0.0266195, 0.0213109, 0.024881, 0.0253441, 0.0274585, 0.0236156, 0.0249383, 0.0242334, 0.0269951, 0.0280452, 0.0266278, 0.023896, 0.0269476, 0.0264267, 0.0236894, 0.0232004, 0.0271641, 0.0477154, 0.0394811, 0.039915, 0.731429
, , 0.0415356, 0.0286871, 0.0424629, 0.0262513, 0.0279103, 0.0213062, 0.0261502, 0.0309999, 0.0323418, 0.0248497, 0.0235117, 0.0236958, 0.0259951, 0.0303021, 0.0262777, 0.0252194, 0.0303586, 0.0281381, 0.0257955, 0.020434, 0.0247059, 0.0360919, 0.0308544, 0.0347311, 0.148717
, 1, 0, 0, 0, 0.0117714, 0.00497238, 0.00529087, 0.0153638, 0.0221983, 0.0212267, 0.0253745, 0.0197892, 0.0113623, 0.018341, 0.0226284, 0.0152862, 0.0189802, 0.0112637, 0.0290073, 0.0119574, 0.00328638, 0.0177176, 0.032038, 0.0277717, 0.0100498, 0.355677
, , 0, 0, 0, 0.0710827, 0.0309084, 0.0529087, 0.101961, 0.13703, 0.131546, 0.102254, 0.107794, 0.0888038, 0.0793769, 0.123505, 0.0789748, 0.0940593, 0.0566535, 0.124355, 0.0962793, 0.0212878, 0.103398, 0.144423, 0.138986, 0.0669367, 0.62906
, 2, 0.277263, 0.328155, 0.336346, 0.0455048, 0.0459458, 0.0334344, 0.0353453, 0.0349419, 0.0267866, 0.0254566, 0.0222763, 0.0296776, 0.0364861, 0.0427334, 0.0362578, 0.0398153, 0.0307674, 0.0373066, 0.0347368, 0.0396725, 0.0349394, 0.318451, 0.338309, 0.299335, 2.52994
, , 0.154098, 0.191905, 0.167355, 0.0694962, 0.0810961, 0.0650145, 0.0596735, 0.0607148, 0.0601835, 0.0557463, 0.0521344, 0.0743257, 0.0707728, 0.0802811, 0.0664023, 0.078058, 0.0688469, 0.0736733, 0.0641599, 0.0645796, 0.068586, 0.171624, 0.182614, 0.168088, 0.56983
, 3, 0, 0, 0, 0.000576454, 0.000353874, 0.000295856, 0.00134958, 0.0023554, 0, 0, 0.0015492, 0.000982537, 0.00239527, 0, 0, 0.00102182, 0.00170564, 0.000443588, 0.000578064, 0, 0.000816757, 0.0044109, 0.00803267, 0.00741959, 0.0342872
, , 0, 0, 0, 0.00576454, 0.00353874, 0.00295856, 0.00808139, 0.0118012, 0, 0, 0.0111802, 0.00755351, 0.0142075, 0, 0, 0.0102182, 0.0103013, 0.00443588, 0.00407752, 0, 0.00596089, 0.0176912, 0.0244526, 0.0227035, 0.0474973
, 4, 0, 0, 0, 0.00892768, 0.0092963, 0.00885659, 0.010102, 0.00931233, 0.00907112, 0.0118459, 0.0104271, 0.0081301, 0.0119644, 0.00660345, 0.00989172, 0.0114626, 0.0094219, 0.00801352, 0.0117411, 0.00775354, 0.011462, 0.000148911, 0, 0, 0.174432
, , 0, 0, 0, 0.0168562, 0.0171733, 0.0160901, 0.0183125, 0.0167298, 0.0174003, 0.0203427, 0.0208845, 0.0164659, 0.0187094, 0.0152021, 0.0183063, 0.0201258, 0.017244, 0.0177302, 0.0199145, 0.0170941, 0.0198614, 0.00148911, 0, 0, 0.0791748
, 5, 0.00739607, 0.00657681, 0.00642027, 0.0310659, 0.0315749, 0.0331573, 0.0256141, 0.028479, 0.0287537, 0.0273186, 0.0311511, 0.0364647, 0.0392455, 0.0329971, 0.0303441, 0.0231573, 0.0290855, 0.0353069, 0.0343454, 0.0321876, 0.0308004, 0.0107329, 0.0108912, 0.0100068, 0.613073
, , 0.015693, 0.0135533, 0.016123, 0.0303592, 0.0306273, 0.0387431, 0.0256067, 0.0308564, 0.0331408, 0.0282301, 0.0335697, 0.0329775, 0.0369538, 0.0333283, 0.0333937, 0.02598, 0.0297873, 0.0371287, 0.0324367, 0.0346187, 0.0307109, 0.0180158, 0.0201528, 0.0215662, 0.138691
, 6, 0.00559709, 0.00726249, 0.0044853, 0.0124179, 0.0136647, 0.0115013, 0.0154852, 0.0131656, 0.0148984, 0.00950766, 0.0138665, 0.0114814, 0.0137628, 0.0131965, 0.0124096, 0.0100661, 0.0141485, 0.0134688, 0.0116918, 0.0116561, 0.0115226, 0, 0, 0, 0.245256
, , 0.0111821, 0.0139421, 0.0102522, 0.0187128, 0.0211204, 0.0158466, 0.0227875, 0.0222959, 0.0185494, 0.0167062, 0.0207816, 0.0195606, 0.0167947, 0.0157383, 0.017306, 0.01411, 0.0193071, 0.0186787, 0.0152717, 0.0177661, 0.0173954, 0, 0, 0, 0.0929692
, 7, 0.0080399, 0.00468533, 0.00669635, 0.0176427, 0.0165155, 0.0201898, 0.0178609, 0.0163815, 0.0161783, 0.0210458, 0.0194882, 0.0182687, 0.023667, 0.0203142, 0.0206775, 0.0202976, 0.0140344, 0.0161531, 0.0205887, 0.017721, 0.02018, 0.010617, 0.0141666, 0.0120448, 0.393455
, , 0.0146783, 0.00868034, 0.012733, 0.016451, 0.0155389, 0.0230654, 0.0186128, 0.0182716, 0.0182164, 0.0205627, 0.0199498, 0.0189154, 0.0219154, 0.0207453, 0.0204456, 0.0201111, 0.0175311, 0.0197664, 0.0216244, 0.0200291, 0.0179918, 0.0163342, 0.0186918, 0.0180506, 0.0841464
, 8, 0.00766635, 0.00796321, 0.00625143, 0.0184974, 0.0272149, 0.0203899, 0.0234673, 0.0247846, 0.0309825, 0.0211321, 0.0248315, 0.0270569, 0.0208591, 0.0278588, 0.024803, 0.0285958, 0.023746, 0.0171775, 0.0261174, 0.0165302, 0.0274153, 0.0116188, 0.00964613, 0.00773869, 0.482345
, , 0.0301063, 0.0265711, 0.0183639, 0.0368389, 0.050299, 0.0326574, 0.0413827, 0.0407647, 0.0448123, 0.0331694, 0.038732, 0.0446404, 0.0294697, 0.0439649, 0.0439488, 0.0425794, 0.040424, 0.0298766, 0.0386972, 0.0292108, 0.0411016, 0.0326344, 0.0238736, 0.0201848, 0.176218
, Sum, 0.363578, 0.394662, 0.412805, 0.169087, 0.176158, 0.154427, 0.169469, 0.176963, 0.175356, 0.165297, 0.168317, 0.167658, 0.193716, 0.194377, 0.176298, 0.177293, 0.161121, 0.183304, 0.175446, 0.152008, 0.182018, 0.435733, 0.448299, 0.38651, 5.5599
, , 0.161197, 0.190595, 0.164966, 0.116975, 0.109166, 0.0996145, 0.131282, 0.150097, 0.150335, 0.119805, 0.128567, 0.127215, 0.129598, 0.155653, 0.126603, 0.132731, 0.120792, 0.138868, 0.125325, 0.0880069, 0.131697, 0.216984, 0.188904, 0.184183, 0.877299
Service Time, 0, 0.576164, 0.400193, 0.52606, 0.226824, 0.266195, 0.213109, 0.24881, 0.253441, 0.274585, 0.236156, 0.249384, 0.242334, 0.269951, 0.280452, 0.266278, 0.23896, 0.269477, 0.264267, 0.236894, 0.232004, 0.271641, 0.477154, 0.394811, 0.39915, 7.31429
, , 0.415356, 0.286871, 0.424629, 0.262513, 0.279103, 0.213062, 0.261502, 0.309999, 0.323418, 0.248497, 0.235117, 0.236958, 0.259951, 0.303021, 0.262777, 0.252195, 0.303586, 0.281381, 0.257955, 0.20434, 0.247059, 0.360919, 0.308544, 0.347311, 1.48717
, 1, 0, 0, 0, 0.117714, 0.0497238, 0.0529087, 0.153638, 0.221983, 0.212267, 0.253745, 0.197892, 0.113623, 0.18341, 0.226284, 0.152862, 0.189802, 0.112637, 0.290073, 0.119574, 0.0328638, 0.177176, 0.32038, 0.277717, 0.100498, 3.55677
, , 0, 0, 0, 0.710827, 0.309084, 0.529087, 1.01961, 1.3703, 1.31546, 1.02254, 1.07794, 0.888038, 0.793769, 1.23505, 0.789748, 0.940593, 0.566535, 1.24355, 0.962793, 0.212878, 1.03398, 1.44423, 1.38986, 0.669367, 6.2906
, 2, 2.77263, 3.28155, 3.36346, 0.455048, 0.459458, 0.334344, 0.353453, 0.349419, 0.267866, 0.254566, 0.222763, 0.296776, 0.364861, 0.427334, 0.362578, 0.398153, 0.307674, 0.373066, 0.347368, 0.396725, 0.349394, 3.18451, 3.38309, 2.99335, 25.2994
, , 1.54098, 1.91905, 1.67355, 0.694962, 0.810961, 0.650145, 0.596735, 0.607148, 0.601835, 0.557463, 0.521344, 0.743257, 0.707728, 0.802811, 0.664023, 0.78058, 0.688469, 0.736733, 0.641599, 0.645796, 0.68586, 1.71624, 1.82614, 1.68088, 5.6983
, 3, 0, 0, 0, 0.00576454, 0.00353874, 0.00295856, 0.0134958, 0.023554, 0, 0, 0.015492, 0.00982536, 0.0239527, 0, 0, 0.0102182, 0.0170564, 0.00443588, 0.00578064, 0, 0.00816757, 0.044109, 0.0803267, 0.0741959, 0.342872
, , 0, 0, 0, 0.0576454, 0.0353874, 0.0295856, 0.0808139, 0.118012, 0, 0, 0.111802, 0.0755351, 0.142075, 0, 0, 0.102182, 0.103013, 0.0443588, 0.0407752, 0, 0.0596089, 0.176912, 0.244526, 0.227035, 0.474973
, 4, 0, 0, 0, 0.0892768, 0.092963, 0.0885659, 0.10102, 0.0931232, 0.0907112, 0.118459, 0.104271, 0.081301, 0.119644, 0.0660346, 0.0989172, 0.114626, 0.0942191, 0.0801352, 0.117411, 0.0775354, 0.11462, 0.00148911, 0, 0, 1.74432
, , 0, 0, 0, 0.168562, 0.171733, 0.160901, 0.183125, 0.167298, 0.174003, 0.203427, 0.208845, 0.164659, 0.187094, 0.152021, 0.183063, 0.201258, 0.17244, 0.177302, 0.199145, 0.170941, 0.198614, 0.0148911, 0, 0, 0.791748
, 5, 0.0739607, 0.0657681, 0.0642027, 0.310659, 0.315749, 0.331573, 0.256141, 0.28479, 0.287537, 0.273186, 0.311511, 0.364647, 0.392455, 0.329971, 0.303441, 0.231573, 0.290855, 0.353069, 0.343454, 0.321876, 0.308004, 0.107329, 0.108912, 0.100068, 6.13073
, , 0.15693, 0.135533, 0.16123, 0.303592, 0.306273, 0.387431, 0.256067, 0.308564, 0.331408, 0.282301, 0.335697, 0.329775, 0.369538, 0.333283, 0.333937, 0.2598, 0.297873, 0.371287, 0.324367, 0.346187, 0.307109, 0.180158, 0.201528, 0.215662, 1.38691
, 6, 0.0559709, 0.072625, 0.044853, 0.124179, 0.136647, 0.115013, 0.154852, 0.131656, 0.148984, 0.0950766, 0.138665, 0.114814, 0.137628, 0.131965, 0.124096, 0.100661, 0.141485, 0.134688, 0.116918, 0.116561, 0.115226, 0, 0, 0, 2.45256
, , 0.111821, 0.139421, 0.102522, 0.187128, 0.211204, 0.158466, 0.227875, 0.222959, 0.185494, 0.167062, 0.207816, 0.195606, 0.167947, 0.157383, 0.17306, 0.1411, 0.193071, 0.186787, 0.152717, 0.177661, 0.173954, 0, 0, 0, 0.929692
, 7, 0.0803991, 0.0468533, 0.0669636, 0.176427, 0.165155, 0.201898, 0.178609, 0.163815, 0.161783, 0.210458, 0.194882, 0.182687, 0.23667, 0.203142, 0.206775, 0.202976, 0.140344, 0.161531, 0.205887, 0.17721, 0.2018, 0.10617, 0.141666, 0.120448, 3.93455
, , 0.146783, 0.0868034, 0.12733, 0.16451, 0.155389, 0.230654, 0.186128, 0.182716, 0.182164, 0.205627, 0.199498, 0.189154, 0.219154, 0.207453, 0.204456, 0.201111, 0.175311, 0.197665, 0.216244, 0.200291, 0.179918, 0.163342, 0.186918, 0.180506, 0.841464
, 8, 0.0766635, 0.0796321, 0.0625143, 0.184974, 0.272149, 0.203899, 0.234673, 0.247846, 0.309825, 0.211321, 0.248315, 0.270569, 0.208591, 0.278588, 0.24803, 0.285958, 0.23746, 0.171775, 0.261174, 0.165302, 0.274153, 0.116188, 0.0964613, 0.0773869, 4.82345
, , 0.301063, 0.265711, 0.183639, 0.368389, 0.50299, 0.326574, 0.413827, 0.407647, 0.448123, 0.331694, 0.38732, 0.446404, 0.294697, 0.439649, 0.439488, 0.425794, 0.40424, 0.298766, 0.386972, 0.292108, 0.411016, 0.326344, 0.238736, 0.201848, 1.76218
, Sum, 3.63579, 3.94662, 4.12805, 1.69087, 1.76158, 1.54427, 1.69469, 1.76963, 1.75356, 1.65297, 1.68317, 1.67658, 1.93716, 1.94377, 1.76298, 1.77293, 1.61121, 1.83304, 1.75446, 1.52008, 1.82018, 4.35733, 4.48299, 3.8651, 55.599
, , 1.61197, 1.90595, 1.64967, 1.16975, 1.09166, 0.996145, 1.31282, 1.50097, 1.50335, 1.19805, 1.28567, 1.27215, 1.29598, 1.55653, 1.26603, 1.32731, 1.20792, 1.38868, 1.25325, 0.880069, 1.31697, 2.16984, 1.88904, 1.84183, 8.77299
Wait Time, 0, 0.0158124, 0.00502079, 0.0179719, 0.0342231, 0.139304, 0.0388266, 0.0345614, 0.0613674, 0.172157, 0.609991, 0.679256, 0.078048, 0.478591, 0.360428, 0.0588856, 0.0634801, 0.212977, 0.0658516, 0.593383, 0.0466028, 0.0710025, 0.35585, 1.11357, 0.390698, 5.69786
, , 0.0414113, 0.0228458, 0.0626352, 0.114607, 0.760667, 0.108269, 0.130369, 0.170897, 0.996033, 3.90522, 4.03346, 0.251036, 3.58913, 2.60958, 0.172822, 0.204705, 1.69111, 0.293597, 3.76189, 0.178096, 0.248567, 2.12761, 7.87355, 2.64514, 11.8682
, 1, 0, 0, 0, 0.00434185, 0, 0.00437946, 0.0120529, 0.00996285, 0.0195055, 0.017995, 0.0115469, 0.0186546, 0.0398578, 0.0117177, 0.00529327, 0.0259578, 0.011666, 0.0194675, 0.0100919, 0, 0.00296814, 0, 0, 0, 0.225459
, , 0, 0, 0, 0.0434185, 0, 0.0437946, 0.107781, 0.0732812, 0.119065, 0.126745, 0.0898534, 0.133479, 0.191331, 0.0948579, 0.0529327, 0.233209, 0.0619485, 0.115036, 0.058578, 0, 0.0296814, 0, 0, 0, 0.566659
, 2, 0.744134, 0.910777, 1.02592, 0.11478, 0.0812638, 0.0516715, 0.0946708, 0.0577114, 0.0613198, 0.665447, 0.0307154, 0.0831679, 0.139592, 0.0839822, 0.101357, 0.0915796, 0.0741626, 0.0518851, 0.15616, 0.0914157, 0.0557181, 0.888673, 1.46913, 1.81165, 8.93687
, , 1.07822, 1.23256, 1.2585, 0.418526, 0.201067, 0.15623, 0.34258, 0.200613, 0.230036, 4.37881, 0.120205, 0.27861, 0.473025, 0.377163, 0.316448, 0.335034, 0.28136, 0.187648, 0.883056, 0.288844, 0.192464, 1.17602, 2.21034, 5.53752, 7.75882
, 3, 0, 0, 0, 0, 0.00333477, 0, 0.00396187, 0.0008638, 0, 0, 0, 0.000625458, 0.00437798, 0, 0, 0, 0, 0, 0, 0, 0, 0.0628953, 0.189335, 0.184492, 0.449887
, , 0, 0, 0, 0, 0.0333477, 0, 0.0282065, 0.008638, 0, 0, 0, 0.00625458, 0.0437798, 0, 0, 0, 0, 0, 0, 0, 0, 0.522439, 0.659355, 0.979457, 1.25325
, 4, 0, 0, 0, 0.0015971, 0.00336853, 0.00634403, 0.0110472, 0.00061058, 0.0102269, 0.00280708, 0.000557403, 0.00140427, 0.00409103, 0.00342499, 0.00773392, 0.00815139, 0.000350952, 0.00253021, 0.00531448, 0.00274902, 0.00730148, 0, 0, 0, 0.0796106
, , 0, 0, 0, 0.015971, 0.0251088, 0.0332187, 0.0613545, 0.0061058, 0.0650867, 0.0199164, 0.00557404, 0.0140427, 0.0307669, 0.0342499, 0.0392388, 0.0398936, 0.00350952, 0.0253021, 0.0344922, 0.0274902, 0.0440249, 0, 0, 0, 0.133454
, 5, 0.0951618, 0.106882, 0.102144, 0.0241937, 0.00435024, 0.00570305, 0.0062442, 0.0123129, 0.013242, 0.00139, 0.00953735, 0.0214495, 0.0155884, 0.00697982, 0.0137625, 0.00618622, 0.00432297, 0.0122888, 0.0172359, 0.00938995, 0.00803299, 0.314116, 0.475858, 0.452863, 1.73924
, , 0.384272, 0.306984, 0.347644, 0.159746, 0.0277064, 0.0365995, 0.0469165, 0.0697794, 0.062166, 0.0109598, 0.0549884, 0.06987, 0.062349, 0.0371847, 0.0657415, 0.0410186, 0.0334242, 0.0501663, 0.0632667, 0.0515478, 0.0477776, 0.903611, 1.29236, 1.04277, 1.94435
, 6, 0.139106, 0.273669, 0.423308, 0.105448, 0.0827478, 0.0275406, 0.0273317, 0.0266241, 0.0807207, 1.46915, 0.230689, 0.0431752, 0.152689, 0.236203, 0.38661, 0.0606451, 0.214455, 0.0791573, 0.390284, 0.0139499, 0.0547681, 0.275744, 0, 0, 4.79401
, , 0.430109, 1.01214, 0.888052, 0.471161, 0.320531, 0.0930181, 0.102792, 0.131674, 0.390089, 13.8763, 1.50702, 0.129346, 1.11208, 1.38439, 3.39643, 0.341347, 1.4955, 0.424065, 3.00935, 0.0655708, 0.184479, 2.07338, 0, 0, 14.7676
, 7, 0.263099, 0.474692, 0.407715, 0.224278, 0.249564, 0.0751605, 0.125039, 0.0715574, 0.157965, 2.01904, 0.27471, 0.0888121, 0.229731, 0.399042, 0.471053, 0.103284, 0.340084, 0.126265, 0.235122, 0.053201, 0.0530046, 0.207586, 0.401262, 0.222292, 7.27356
, , 0.593779, 1.10103, 0.968801, 0.709473, 0.986379, 0.179734, 0.595845, 0.178646, 0.861955, 16.8095, 1.39914, 0.208531, 0.88406, 2.30711, 3.78852, 0.338577, 2.24776, 0.554666, 1.1931, 0.125344, 0.138344, 1.58083, 2.75584, 1.49445, 17.7721
, 8, 0.150636, 0.259303, 0.174188, 0.110353, 0.0190219, 0.00284183, 0.0160674, 0.0146495, 0.0214409, 0.00538056, 0.0155225, 0.00978882, 0.00935394, 0.0171762, 0.0106387, 0.0065535, 0.00549423, 0.0028891, 0.0141104, 0.0106332, 0.0262077, 0.168094, 0.150229, 0.146881, 1.36745
, , 0.554584, 0.702695, 0.568075, 0.683414, 0.0939142, 0.024684, 0.0641712, 0.0746613, 0.091913, 0.0364514, 0.0797462, 0.0603659, 0.0403982, 0.0771446, 0.0557095, 0.0426773, 0.0314392, 0.0212829, 0.058304, 0.0582403, 0.0784289, 0.457779, 0.52635, 0.524497, 1.51652
, Sum, 1.40795, 2.03034, 2.15124, 0.619214, 0.582955, 0.212468, 0.330976, 0.25566, 0.536578, 4.7912, 1.25253, 0.345126, 1.07387, 1.11895, 1.05533, 0.365838, 0.863512, 0.360335, 1.4217, 0.227942, 0.279004, 2.27296, 3.79938, 3.20887, 30.564
, , 1.6571, 2.93443, 2.17191, 1.4521, 1.95609, 0.302624, 0.709633, 0.37313, 2.24538, 36.8565, 5.76196, 0.60508, 5.49462, 6.32119, 7.35688, 0.824029, 5.40511, 1.05823, 8.58378, 0.462902, 0.485361, 5.86765, 12.3776, 10.2938, 42.4554
Number In, 0, 3.73, 3.16, 3.73, 1.82, 1.8, 1.9, 2, 1.8, 2.04, 1.8, 2.04, 1.95, 2.02, 2.1, 1.96, 1.87, 1.88, 2.08, 2.08, 1.89, 2.09, 3.05, 3.28, 3.27, 55.34
, , 2.18283, 1.58732, 1.77443, 1.59152, 1.40705, 1.38899, 1.41421, 1.557, 1.42786, 1.4425, 1.21373, 1.48647, 1.41407, 1.40346, 1.27065, 1.39012, 1.33545, 1.37569, 1.3903, 1.42059, 1.41489, 1.58513, 1.6942, 1.83598, 6.70025
, 1, 0, 0, 0, 0.03, 0.02, 0.01, 0.02, 0.01, 0.01, 0.07, 0.02, 0.02, 0.06, 0.02, 0.05, 0.05, 0.04, 0.04, 0.02, 0.03, 0.04, 0.04, 0.04, 0.02, 0.66
, , 0, 0, 0, 0.171447, 0.140705, 0.1, 0.140705, 0.1, 0.1, 0.256432, 0.140705, 0.140705, 0.238683, 0.140705, 0.219043, 0.219043, 0.196946, 0.196946, 0.140705, 0.171447, 0.196946, 0.196946, 0.196946, 0.140705, 0.806789
, 2, 3.25, 3.39, 3.34, 0.24, 0.37, 0.3, 0.4, 0.37, 0.26, 0.27, 0.14, 0.35, 0.36, 0.37, 0.33, 0.37, 0.31, 0.35, 0.32, 0.34, 0.36, 3.4, 3.51, 3.4, 26.1
, , 1.74295, 1.7109, 1.64052, 0.473969, 0.580056, 0.627646, 0.603023, 0.613896, 0.543464, 0.489382, 0.348735, 0.657129, 0.611671, 0.645967, 0.569512, 0.645967, 0.614554, 0.592461, 0.566399, 0.535978, 0.611671, 1.65145, 1.85044, 1.67573, 4.99798
, 3, 0, 0, 0, 0.01, 0, 0.01, 0.03, 0.04, 0, 0, 0.02, 0.02, 0.03, 0, 0, 0.01, 0.03, 0.01, 0.02, 0, 0.02, 0.14, 0.21, 0.14, 0.74
, , 0, 0, 0, 0.1, 0, 0.1, 0.171447, 0.196946, 0, 0, 0.140705, 0.140705, 0.171447, 0, 0, 0.1, 0.171447, 0.1, 0.140705, 0, 0.140705, 0.449916, 0.456048, 0.376588, 0.824131
, 4, 0, 0, 0, 0.33, 0.31, 0.29, 0.38, 0.31, 0.31, 0.41, 0.33, 0.28, 0.43, 0.2, 0.29, 0.35, 0.32, 0.3, 0.39, 0.23, 0.39, 0, 0, 0, 5.85
, , 0, 0, 0, 0.569512, 0.525991, 0.477684, 0.599326, 0.525991, 0.597892, 0.668105, 0.620443, 0.514045, 0.62369, 0.426401, 0.53739, 0.592461, 0.5101, 0.594588, 0.617833, 0.468287, 0.633971, 0, 0, 0, 2.49191
, 5, 0.31, 0.31, 0.29, 0.96, 1.04, 1.11, 0.89, 0.95, 0.94, 0.93, 1.01, 1.14, 1.24, 1.05, 1.01, 0.82, 0.91, 1.1, 1.09, 1.06, 1.02, 0.59, 0.59, 0.69, 21.05
, , 0.525991, 0.544857, 0.607944, 0.96316, 0.931166, 1.17116, 0.827495, 0.96792, 1.01325, 0.912926, 0.989796, 1.03495, 1.05524, 0.96792, 0.969171, 0.891939, 0.9, 1.07778, 0.975405, 1.05237, 0.963789, 0.739847, 0.726066, 0.860995, 4.46394
, 6, 0.6, 0.66, 0.72, 0.84, 1.09, 0.89, 1.06, 0.97, 1.19, 0.91, 1.06, 0.97, 1.19, 1.12, 1.05, 1.01, 1.12, 1.07, 0.98, 0.95, 0.95, 0, 0, 0, 20.4
, , 0.816497, 0.75505, 0.766469, 0.872938, 1.15553, 0.952349, 1.19612, 1.06794, 1.06073, 0.911154, 1.01325, 1.0867, 1.05117, 1.06629, 0.857233, 1.04924, 0.935063, 0.997522, 0.974213, 0.946818, 1.01876, 0, 0, 0, 5.25703
, 7, 1.02, 0.92, 1.03, 2.02, 2.07, 1.8, 1.93, 1.97, 1.97, 2.08, 1.91, 2.23, 2.22, 2.03, 2.02, 2.16, 1.64, 1.87, 2.13, 1.85, 2.13, 0.99, 1.27, 1.05, 42.31
, , 0.984527, 0.906542, 1.01956, 1.29474, 1.32005, 1.33333, 1.37257, 1.29064, 1.43164, 1.3233, 1.29564, 1.71066, 1.43252, 1.36667, 1.40691, 1.44753, 1.25142, 1.48157, 1.56124, 1.32097, 1.3231, 0.948098, 0.919541, 1.18386, 6.11125
, 8, 0.31, 0.4, 0.3, 0.58, 0.82, 0.66, 0.64, 0.71, 0.79, 0.67, 0.74, 0.72, 0.69, 0.73, 0.73, 0.67, 0.66, 0.5, 0.76, 0.57, 0.68, 0.4, 0.33, 0.38, 14.44
, , 0.597892, 0.586033, 0.627646, 0.754515, 0.936143, 0.819214, 0.785217, 0.935225, 0.879566, 0.817177, 0.905873, 0.779536, 0.774531, 0.827006, 0.851084, 0.804721, 0.831452, 0.6742, 0.996154, 0.794616, 0.789834, 0.651339, 0.58698, 0.632136, 3.19191
, Sum, 9.22, 8.84, 9.41, 6.83, 7.52, 6.97, 7.35, 7.13, 7.51, 7.14, 7.27, 7.68, 8.24, 7.62, 7.44, 7.31, 6.91, 7.32, 7.79, 6.92, 7.68, 8.61, 9.23, 8.95, 186.89
, , 3.41884, 2.61202, 2.75276, 2.58611, 2.74683, 2.58767, 2.49191, 2.68048, 2.79428, 2.73038, 2.56572, 2.97423, 3.06205, 2.85254, 2.71293, 2.4932, 2.50291, 2.3045, 2.91736, 2.52134, 3.01471, 2.67005, 2.76652, 3.09243, 13.2816
Number Out, 0, 3.73, 3.15, 3.72, 1.76, 1.68, 1.8, 1.91, 1.65, 1.76, 1.69, 1.85, 1.79, 1.81, 1.95, 1.82, 1.72, 1.81, 1.94, 1.87, 1.8, 1.88, 3, 3.13, 3.16, 52.38
, , 2.18283, 1.57874, 1.77001, 1.57711, 1.31718, 1.37804, 1.37873, 1.4521, 1.28015, 1.38312, 1.2008, 1.39476, 1.28468, 1.4521, 1.24219, 1.3033, 1.31576, 1.38404, 1.3231, 1.40705, 1.30485, 1.60177, 1.76758, 1.86255, 6.91767
, 1, 0, 0, 0, 0.03, 0.02, 0, 0.01, 0, 0.04, 0.05, 0.04, 0.01, 0.04, 0.04, 0.05, 0.05, 0.03, 0.03, 0.05, 0.03, 0.04, 0.04, 0.03, 0.02, 0.65
, , 0, 0, 0, 0.171447, 0.140705, 0, 0.1, 0, 0.196946, 0.219043, 0.196946, 0.1, 0.196946, 0.196946, 0.219043, 0.219043, 0.171447, 0.171447, 0.219043, 0.171447, 0.196946, 0.196946, 0.171447, 0.140705, 0.808728
, 2, 2.95, 3.24, 3.25, 0.28, 0.36, 0.28, 0.39, 0.33, 0.23, 0.26, 0.13, 0.31, 0.34, 0.33, 0.32, 0.34, 0.29, 0.29, 0.31, 0.33, 0.36, 2.88, 3.05, 2.83, 23.68
, , 1.57233, 1.63991, 1.50672, 0.533333, 0.559942, 0.533333, 0.566667, 0.58698, 0.509605, 0.484507, 0.337998, 0.646592, 0.572431, 0.55149, 0.566399, 0.572431, 0.607944, 0.555869, 0.56309, 0.53286, 0.611671, 1.37275, 1.58513, 1.44289, 4.67938
, 3, 0, 0, 0, 0, 0.01, 0.01, 0.03, 0.04, 0, 0, 0.02, 0.02, 0.03, 0, 0, 0.01, 0.03, 0.01, 0.02, 0, 0.02, 0.09, 0.1, 0.08, 0.52
, , 0, 0, 0, 0, 0.1, 0.1, 0.171447, 0.196946, 0, 0, 0.140705, 0.140705, 0.171447, 0, 0, 0.1, 0.171447, 0.1, 0.140705, 0, 0.140705, 0.320826, 0.333333, 0.27266, 0.688726
, 4, 0, 0, 0, 0.33, 0.31, 0.29, 0.38, 0.31, 0.3, 0.41, 0.33, 0.28, 0.43, 0.19, 0.3, 0.35, 0.32, 0.3, 0.39, 0.23, 0.39, 0, 0, 0, 5.84
, , 0, 0, 0, 0.569512, 0.525991, 0.477684, 0.599326, 0.525991, 0.57735, 0.668105, 0.620443, 0.514045, 0.62369, 0.419114, 0.541229, 0.592461, 0.5101, 0.594588, 0.617833, 0.468287, 0.633971, 0, 0, 0, 2.47705
, 5, 0.22, 0.23, 0.21, 0.96, 1.04, 1.11, 0.89, 0.95, 0.93, 0.93, 1.01, 1.14, 1.24, 1.05, 1, 0.81, 0.91, 1.1, 1.09, 1.05, 1.02, 0.36, 0.31, 0.32, 19.88
, , 0.462317, 0.446196, 0.498381, 0.96316, 0.931166, 1.17116, 0.827495, 0.96792, 1.01757, 0.912926, 0.989796, 1.03495, 1.05524, 0.96792, 0.942809, 0.884148, 0.9, 1.07778, 0.975405, 1.02863, 0.963789, 0.5777, 0.56309, 0.664846, 4.42281
, 6, 0.43, 0.47, 0.39, 0.79, 0.97, 0.83, 0.94, 0.91, 1.08, 0.81, 0.97, 0.82, 1.1, 0.96, 0.93, 0.92, 1.05, 0.95, 0.84, 0.91, 0.79, 0, 0, 0, 17.86
, , 0.685418, 0.688359, 0.58422, 0.868006, 1.02942, 0.921735, 1.11754, 1.04538, 1.01185, 0.872648, 1.01956, 0.946871, 1.02986, 1.03397, 0.86754, 1.02178, 0.925235, 0.925235, 0.84948, 0.911154, 0.913369, 0, 0, 0, 4.82632
, 7, 0.68, 0.53, 0.68, 1.8, 1.75, 1.61, 1.72, 1.7, 1.71, 1.91, 1.67, 1.98, 1.88, 1.73, 1.78, 1.87, 1.46, 1.65, 1.93, 1.7, 1.95, 0.93, 1.18, 0.99, 36.79
, , 0.827312, 0.717107, 0.802521, 1.18918, 1.21751, 1.28625, 1.31103, 1.17637, 1.3875, 1.25606, 1.27172, 1.55687, 1.31257, 1.22148, 1.28378, 1.3231, 1.16706, 1.41689, 1.51927, 1.23501, 1.27426, 0.923924, 0.903193, 1.16771, 5.47961
, 8, 0.2, 0.21, 0.15, 0.58, 0.82, 0.66, 0.64, 0.7, 0.8, 0.67, 0.74, 0.72, 0.68, 0.73, 0.73, 0.67, 0.67, 0.5, 0.76, 0.56, 0.69, 0.24, 0.25, 0.25, 13.62
, , 0.471405, 0.40936, 0.385992, 0.754515, 0.936143, 0.819214, 0.785217, 0.926599, 0.876172, 0.817177, 0.905873, 0.779536, 0.77694, 0.802207, 0.851084, 0.817177, 0.841536, 0.6742, 0.996154, 0.78264, 0.800189, 0.473969, 0.51981, 0.479372, 3.21543
, Sum, 8.21, 7.83, 8.4, 6.53, 6.96, 6.59, 6.91, 6.59, 6.85, 6.73, 6.76, 7.07, 7.55, 6.98, 6.93, 6.74, 6.57, 6.77, 7.26, 6.61, 7.14, 7.54, 8.05, 7.65, 171.22
, , 2.872, 2.34005, 2.26969, 2.49628, 2.42012, 2.42085, 2.44988, 2.531, 2.48379, 2.50597, 2.42928, 2.51964, 2.73907, 2.63611, 2.43814, 2.18174, 2.30176, 2.11705, 2.61935, 2.26477, 2.73038, 2.31996, 2.6529, 2.70568, 12.0047
Number Expired, 0, 0, 0, 0, 0.06, 0.13, 0.1, 0.09, 0.1, 0.23, 0.17, 0.24, 0.11, 0.23, 0.18, 0.14, 0.12, 0.1, 0.09, 0.25, 0.09, 0.11, 0.09, 0.11, 0.1, 2.84
, , 0, 0, 0, 0.238683, 0.418149, 0.301511, 0.287623, 0.333333, 0.529055, 0.652191, 0.653197, 0.345096, 0.708605, 0.519907, 0.402517, 0.383498, 0.38925, 0.287623, 0.701729, 0.287623, 0.399368, 0.473436, 0.80271, 0.541229, 2.10204
, 1, 0, 0, 0, 0, 0, 0, 0, 0, 0, 0, 0, 0, 0, 0, 0, 0, 0, 0, 0, 0, 0, 0, 0, 0, 0
, , 0, 0, 0, 0, 0, 0, 0, 0, 0, 0, 0, 0, 0, 0, 0, 0, 0, 0, 0, 0, 0, 0, 0, 0, 0
, 2, 0.1, 0.16, 0.19, 0.04, 0, 0.02, 0.02, 0.01, 0.02, 0.05, 0.01, 0.03, 0.04, 0.01, 0.02, 0.03, 0.03, 0.03, 0.03, 0.02, 0.01, 0.18, 0.41, 0.41, 1.87
, , 0.333333, 0.368453, 0.464823, 0.242878, 0, 0.140705, 0.140705, 0.1, 0.140705, 0.329524, 0.1, 0.171447, 0.196946, 0.1, 0.140705, 0.171447, 0.171447, 0.171447, 0.171447, 0.140705, 0.1, 0.457927, 0.697688, 1.07398, 1.70948
, 3, 0, 0, 0, 0, 0, 0, 0, 0, 0, 0, 0, 0, 0, 0, 0, 0, 0, 0, 0, 0, 0, 0.03, 0.1, 0.07, 0.2
, , 0, 0, 0, 0, 0, 0, 0, 0, 0, 0, 0, 0, 0, 0, 0, 0, 0, 0, 0, 0, 0, 0.222702, 0.301511, 0.293189, 0.449467
, 4, 0, 0, 0, 0, 0, 0, 0, 0, 0.01, 0, 0, 0, 0, 0, 0, 0, 0, 0, 0, 0, 0, 0, 0, 0, 0.01
, , 0, 0, 0, 0, 0, 0, 0, 0, 0.1, 0, 0, 0, 0, 0, 0, 0, 0, 0, 0, 0, 0, 0, 0, 0, 0.1
, 5, 0.07, 0.08, 0.08, 0.02, 0, 0, 0, 0, 0.01, 0, 0, 0, 0, 0, 0.01, 0.01, 0, 0, 0, 0.01, 0, 0.2, 0.28, 0.29, 1.06
, , 0.256432, 0.27266, 0.307482, 0.140705, 0, 0, 0, 0, 0.1, 0, 0, 0, 0, 0, 0.1, 0.1, 0, 0, 0, 0.1, 0, 0.471405, 0.604361, 0.591096, 1.09008
, 6, 0.14, 0.18, 0.32, 0.09, 0.12, 0.06, 0.07, 0.05, 0.12, 0.14, 0.11, 0.14, 0.09, 0.14, 0.15, 0.07, 0.09, 0.1, 0.15, 0.05, 0.11, 0.05, 0, 0, 2.54
, , 0.348735, 0.457927, 0.529532, 0.287623, 0.383498, 0.238683, 0.256432, 0.261116, 0.383498, 0.586377, 0.345096, 0.426875, 0.287623, 0.426875, 0.538891, 0.256432, 0.350901, 0.333333, 0.5, 0.219043, 0.314466, 0.35887, 0, 0, 1.86634
, 7, 0.31, 0.4, 0.33, 0.25, 0.31, 0.18, 0.2, 0.21, 0.26, 0.24, 0.26, 0.24, 0.32, 0.32, 0.24, 0.26, 0.22, 0.2, 0.21, 0.17, 0.13, 0.07, 0.06, 0.06, 5.45
, , 0.56309, 0.710669, 0.513554, 0.55732, 0.614554, 0.411452, 0.471404, 0.518253, 0.524549, 0.88899, 0.463191, 0.452155, 0.649475, 0.664846, 0.605029, 0.543464, 0.578748, 0.550482, 0.456048, 0.427702, 0.337998, 0.325825, 0.277798, 0.312048, 2.76111
, 8, 0.09, 0.19, 0.13, 0.04, 0, 0, 0, 0, 0, 0, 0, 0, 0, 0, 0, 0, 0, 0, 0, 0, 0, 0.14, 0.09, 0.11, 0.79
, , 0.287624, 0.419114, 0.418149, 0.242878, 0, 0, 0, 0, 0, 0, 0, 0, 0, 0, 0, 0, 0, 0, 0, 0, 0, 0.376588, 0.287623, 0.345095, 0.967085
, Sum, 0.71, 1.01, 1.05, 0.5, 0.56, 0.36, 0.38, 0.37, 0.65, 0.6, 0.62, 0.52, 0.68, 0.65, 0.56, 0.49, 0.44, 0.42, 0.64, 0.34, 0.36, 0.76, 1.05, 1.04, 14.76
, , 0.913369, 1.22676, 0.9783, 0.834847, 1.03787, 0.659354, 0.564613, 0.705748, 1.12254, 2.0695, 1.04234, 0.870156, 1.23812, 1.26631, 1.32054, 0.810225, 1.09471, 0.780831, 1.32969, 0.639128, 0.703814, 1.39349, 1.66591, 2.0837, 5.73862
